-- phpMyAdmin SQL Dump
-- version 4.7.4
-- https://www.phpmyadmin.net/
--
-- Servidor: 127.0.0.1
-- Tiempo de generación: 24-11-2017 a las 03:54:05
-- Versión del servidor: 10.1.26-MariaDB
-- Versión de PHP: 7.1.9

SET SQL_MODE = "NO_AUTO_VALUE_ON_ZERO";
SET AUTOCOMMIT = 0;
START TRANSACTION;
SET time_zone = "+00:00";


/*!40101 SET @OLD_CHARACTER_SET_CLIENT=@@CHARACTER_SET_CLIENT */;
/*!40101 SET @OLD_CHARACTER_SET_RESULTS=@@CHARACTER_SET_RESULTS */;
/*!40101 SET @OLD_COLLATION_CONNECTION=@@COLLATION_CONNECTION */;
/*!40101 SET NAMES utf8mb4 */;

--
-- Base de datos: `employee`
--

-- --------------------------------------------------------

--
-- Estructura de tabla para la tabla `city`
--

CREATE TABLE `city` (
  `id` int(10) UNSIGNED NOT NULL,
  `state_id` int(11) NOT NULL,
  `name` varchar(60) COLLATE utf8mb4_unicode_ci NOT NULL,
  `created_at` timestamp NULL DEFAULT NULL,
  `updated_at` timestamp NULL DEFAULT NULL,
  `deleted_at` timestamp NULL DEFAULT NULL
) ENGINE=MyISAM DEFAULT CHARSET=utf8mb4 COLLATE=utf8mb4_unicode_ci;

--
-- Volcado de datos para la tabla `city`
--

INSERT INTO `city` (`id`, `state_id`, `name`, `created_at`, `updated_at`, `deleted_at`) VALUES
(1, 1, 'Puno', '2017-11-16 03:55:59', '2017-11-16 03:55:59', NULL);

-- --------------------------------------------------------

--
-- Estructura de tabla para la tabla `cop_caf`
--

CREATE TABLE `cop_caf` (
  `id` int(11) NOT NULL,
  `id_trabajador` int(11) DEFAULT NULL,
  `plazaFuncional` varchar(210) COLLATE utf8_spanish_ci DEFAULT NULL,
  `dependencia` varchar(200) COLLATE utf8_spanish_ci DEFAULT NULL,
  `sede` varchar(200) COLLATE utf8_spanish_ci DEFAULT NULL,
  `fechaInicio` datetime DEFAULT NULL,
  `fechaFin` datetime DEFAULT NULL,
  `memo` varchar(100) COLLATE utf8_spanish_ci DEFAULT NULL,
  `modalidad` varchar(100) COLLATE utf8_spanish_ci DEFAULT NULL,
  `estado` varchar(10) COLLATE utf8_spanish_ci DEFAULT NULL
) ENGINE=InnoDB DEFAULT CHARSET=utf8 COLLATE=utf8_spanish_ci;

-- --------------------------------------------------------

--
-- Estructura de tabla para la tabla `cop_cap`
--

CREATE TABLE `cop_cap` (
  `id` int(11) NOT NULL,
  `id_trabajador` int(11) DEFAULT NULL,
  `id_plazaCap` varchar(15) COLLATE utf8_spanish_ci DEFAULT NULL,
  `fechaInicio` datetime DEFAULT NULL,
  `fechaFin` datetime DEFAULT NULL,
  `doc` varchar(200) COLLATE utf8_spanish_ci DEFAULT NULL,
  `ra` varchar(200) COLLATE utf8_spanish_ci DEFAULT NULL,
  `memo` varchar(200) COLLATE utf8_spanish_ci DEFAULT NULL,
  `motivo` varchar(200) COLLATE utf8_spanish_ci DEFAULT NULL,
  `estado` varchar(10) COLLATE utf8_spanish_ci DEFAULT NULL,
  `tipo` varchar(20) COLLATE utf8_spanish_ci DEFAULT NULL
) ENGINE=InnoDB DEFAULT CHARSET=utf8 COLLATE=utf8_spanish_ci;

--
-- Volcado de datos para la tabla `cop_cap`
--

INSERT INTO `cop_cap` (`id`, `id_trabajador`, `id_plazaCap`, `fechaInicio`, `fechaFin`, `doc`, `ra`, `memo`, `motivo`, `estado`, `tipo`) VALUES
(1, 77691, '35438', NULL, NULL, NULL, NULL, NULL, NULL, 'Vigente', NULL),
(2, 45004, '35436', NULL, NULL, NULL, NULL, NULL, NULL, 'Vigente', NULL),
(3, 9069, '35439', NULL, NULL, NULL, NULL, NULL, NULL, 'Vigente', NULL),
(4, 51155, '35437', NULL, NULL, NULL, NULL, NULL, NULL, 'Vigente', NULL),
(5, 32034, '35440', NULL, NULL, NULL, NULL, NULL, NULL, 'Vigente', NULL),
(6, 42707, '32070', NULL, NULL, NULL, NULL, NULL, NULL, 'Vigente', NULL),
(7, 40634, '32069', NULL, NULL, NULL, NULL, NULL, NULL, 'Vigente', NULL),
(8, 75101, '32071', NULL, NULL, NULL, NULL, NULL, NULL, 'Vigente', NULL),
(9, 14077, '26274', NULL, NULL, NULL, NULL, NULL, NULL, 'Vigente', NULL),
(10, 15847, '26273', NULL, NULL, NULL, NULL, NULL, NULL, 'Vigente', NULL),
(11, 19108, '26272', NULL, NULL, NULL, NULL, NULL, NULL, 'Vigente', NULL),
(12, 75242, '26332', NULL, NULL, NULL, NULL, NULL, NULL, 'Vigente', NULL),
(13, 50775, '18420', NULL, NULL, NULL, NULL, NULL, NULL, 'Vigente', NULL),
(14, 75213, '18419', NULL, NULL, NULL, NULL, NULL, NULL, 'Vigente', NULL),
(15, 9211, '20026', NULL, NULL, NULL, NULL, NULL, NULL, 'Vigente', NULL),
(16, 54988, '18418', NULL, NULL, NULL, NULL, NULL, NULL, 'Vigente', NULL),
(17, 51619, '18417', NULL, NULL, NULL, NULL, NULL, NULL, 'Vigente', NULL),
(18, 21291, '27535', NULL, NULL, NULL, NULL, NULL, NULL, 'Vigente', NULL),
(19, 37447, '27534', NULL, NULL, NULL, NULL, NULL, NULL, 'Vigente', NULL),
(20, 21349, '27536', NULL, NULL, NULL, NULL, NULL, NULL, 'Vigente', NULL),
(21, 13007, '27524', NULL, NULL, NULL, NULL, NULL, NULL, 'Vigente', NULL),
(22, 42928, '29811', NULL, NULL, NULL, NULL, NULL, NULL, 'Vigente', NULL),
(23, 48056, '29812', NULL, NULL, NULL, NULL, NULL, NULL, 'Vigente', NULL),
(24, 91195, '18409', NULL, NULL, NULL, NULL, NULL, NULL, 'Vigente', NULL),
(25, 75238, '23272', NULL, NULL, NULL, NULL, NULL, NULL, 'Vigente', NULL),
(26, 54546, '23999', NULL, NULL, NULL, NULL, NULL, NULL, 'Vigente', NULL),
(27, 75102, '24011', NULL, NULL, NULL, NULL, NULL, NULL, 'Vigente', NULL),
(28, 39002, '18411', NULL, NULL, NULL, NULL, NULL, NULL, 'Vigente', NULL),
(29, 79110, '18410', NULL, NULL, NULL, NULL, NULL, NULL, 'Vigente', NULL),
(30, 48578, '18415', NULL, NULL, NULL, NULL, NULL, NULL, 'Vigente', NULL),
(31, 76297, '18414', NULL, NULL, NULL, NULL, NULL, NULL, 'Vigente', NULL),
(32, 39329, '18413', NULL, NULL, NULL, NULL, NULL, NULL, 'Vigente', NULL),
(33, 57480, '18412', NULL, NULL, NULL, NULL, NULL, NULL, 'Vigente', NULL),
(34, 21334, '20137', NULL, NULL, NULL, NULL, NULL, NULL, 'Vigente', NULL),
(35, 37178, '20135', NULL, NULL, NULL, NULL, NULL, NULL, 'Vigente', NULL),
(36, 9060, '20077', NULL, NULL, NULL, NULL, NULL, NULL, 'Vigente', NULL),
(37, 4855, '20076', NULL, NULL, NULL, NULL, NULL, NULL, 'Vigente', NULL),
(38, 9063, '27533', NULL, NULL, NULL, NULL, NULL, NULL, 'Vigente', NULL),
(39, 9075, '27530', NULL, NULL, NULL, NULL, NULL, NULL, 'Vigente', NULL),
(40, 46910, '27527', NULL, NULL, NULL, NULL, NULL, NULL, 'Vigente', NULL),
(41, 75257, '20088', NULL, NULL, NULL, NULL, NULL, NULL, 'Vigente', NULL),
(42, 51119, '23271', NULL, NULL, NULL, NULL, NULL, NULL, 'Vigente', NULL),
(43, 75253, '24001', NULL, NULL, NULL, NULL, NULL, NULL, 'Vigente', NULL),
(44, 44045, '24000', NULL, NULL, NULL, NULL, NULL, NULL, 'Vigente', NULL),
(45, 64179, '20096', NULL, NULL, NULL, NULL, NULL, NULL, 'Vigente', NULL),
(46, 75241, '26302', NULL, NULL, NULL, NULL, NULL, NULL, 'Vigente', NULL),
(47, 75243, '26301', NULL, NULL, NULL, NULL, NULL, NULL, 'Vigente', NULL),
(48, 21323, '20082', NULL, NULL, NULL, NULL, NULL, NULL, 'Vigente', NULL),
(49, 4398, '20094', NULL, NULL, NULL, NULL, NULL, NULL, 'Vigente', NULL),
(50, 64178, '20134', NULL, NULL, NULL, NULL, NULL, NULL, 'Vigente', NULL),
(51, 14079, '20047', NULL, NULL, NULL, NULL, NULL, NULL, 'Vigente', NULL),
(52, 39647, '27095', NULL, NULL, NULL, NULL, NULL, NULL, 'Vigente', NULL),
(53, 47320, '24010', NULL, NULL, NULL, NULL, NULL, NULL, 'Vigente', NULL),
(54, 47823, '24009', NULL, NULL, NULL, NULL, NULL, NULL, 'Vigente', NULL),
(55, 45248, '20153', NULL, NULL, NULL, NULL, NULL, NULL, 'Vigente', NULL),
(56, 45329, '18404', NULL, NULL, NULL, NULL, NULL, NULL, 'Vigente', NULL),
(57, 73048, '18403', NULL, NULL, NULL, NULL, NULL, NULL, 'Vigente', NULL),
(58, 49748, '20150', NULL, NULL, NULL, NULL, NULL, NULL, 'Vigente', NULL),
(59, 75254, '18408', NULL, NULL, NULL, NULL, NULL, NULL, 'Vigente', NULL),
(60, 75255, '18407', NULL, NULL, NULL, NULL, NULL, NULL, 'Vigente', NULL),
(61, 75260, '18416', NULL, NULL, NULL, NULL, NULL, NULL, 'Vigente', NULL),
(62, 53071, '18402', NULL, NULL, NULL, NULL, NULL, NULL, 'Vigente', NULL),
(63, 55057, '18382', NULL, NULL, NULL, NULL, NULL, NULL, 'Vigente', NULL),
(64, 75117, '18381', NULL, NULL, NULL, NULL, NULL, NULL, 'Vigente', NULL),
(65, 48579, '18380', NULL, NULL, NULL, NULL, NULL, NULL, 'Vigente', NULL),
(66, 75220, '18379', NULL, NULL, NULL, NULL, NULL, NULL, 'Vigente', NULL),
(67, 51652, '18378', NULL, NULL, NULL, NULL, NULL, NULL, 'Vigente', NULL),
(68, 57439, '18377', NULL, NULL, NULL, NULL, NULL, NULL, 'Vigente', NULL),
(69, 15859, '17047', NULL, NULL, NULL, NULL, NULL, NULL, 'Vigente', NULL),
(70, 50553, '18375', NULL, NULL, NULL, NULL, NULL, NULL, 'Vigente', NULL),
(71, 21272, '26317', NULL, NULL, NULL, NULL, NULL, NULL, 'Vigente', NULL),
(72, 4752, '26280', NULL, NULL, NULL, NULL, NULL, NULL, 'Vigente', NULL),
(73, 54550, '18335', NULL, NULL, NULL, NULL, NULL, NULL, 'Vigente', NULL),
(74, 75217, '18369', NULL, NULL, NULL, NULL, NULL, NULL, 'Vigente', NULL),
(75, 48055, '18370', NULL, NULL, NULL, NULL, NULL, NULL, 'Vigente', NULL),
(76, 55419, '24003', NULL, NULL, NULL, NULL, NULL, NULL, 'Vigente', NULL),
(77, 36776, '18362', NULL, NULL, NULL, NULL, NULL, NULL, 'Vigente', NULL),
(78, 75245, '26323', NULL, NULL, NULL, NULL, NULL, NULL, 'Vigente', NULL),
(79, 76943, '24007', NULL, NULL, NULL, NULL, NULL, NULL, 'Vigente', NULL),
(80, 49747, '24006', NULL, NULL, NULL, NULL, NULL, NULL, 'Vigente', NULL),
(81, 79102, '18360', NULL, NULL, NULL, NULL, NULL, NULL, 'Vigente', NULL),
(82, 47504, '18359', NULL, NULL, NULL, NULL, NULL, NULL, 'Vigente', NULL),
(83, 75114, '18350', NULL, NULL, NULL, NULL, NULL, NULL, 'Vigente', NULL),
(84, 55610, '18349', NULL, NULL, NULL, NULL, NULL, NULL, 'Vigente', NULL),
(85, 71370, '18352', NULL, NULL, NULL, NULL, NULL, NULL, 'Vigente', NULL),
(86, 54909, '19277', NULL, NULL, NULL, NULL, NULL, NULL, 'Vigente', NULL),
(87, 46997, '18342', NULL, NULL, NULL, NULL, NULL, NULL, 'Vigente', NULL),
(88, 47503, '18341', NULL, NULL, NULL, NULL, NULL, NULL, 'Vigente', NULL),
(89, 49230, '18340', NULL, NULL, NULL, NULL, NULL, NULL, 'Vigente', NULL),
(90, 75222, '18339', NULL, NULL, NULL, NULL, NULL, NULL, 'Vigente', NULL),
(91, 48237, '18338', NULL, NULL, NULL, NULL, NULL, NULL, 'Vigente', NULL),
(92, 75256, '18336', NULL, NULL, NULL, NULL, NULL, NULL, 'Vigente', NULL),
(93, 91198, '34312', NULL, NULL, NULL, NULL, NULL, NULL, 'Vigente', NULL),
(94, 54789, '34311', NULL, NULL, NULL, NULL, NULL, NULL, 'Vigente', NULL),
(95, 49609, '26315', NULL, NULL, NULL, NULL, NULL, NULL, 'Vigente', NULL),
(96, 49611, '34313', NULL, NULL, NULL, NULL, NULL, NULL, 'Vigente', NULL),
(97, 71366, '18334', NULL, NULL, NULL, NULL, NULL, NULL, 'Vigente', NULL),
(98, 75233, '18332', NULL, NULL, NULL, NULL, NULL, NULL, 'Vigente', NULL),
(99, 41914, '18330', NULL, NULL, NULL, NULL, NULL, NULL, 'Vigente', NULL),
(100, 77817, '18329', NULL, NULL, NULL, NULL, NULL, NULL, 'Vigente', NULL),
(101, 34513, '37351', NULL, NULL, NULL, NULL, NULL, NULL, 'Vigente', NULL),
(102, 75249, '26277', NULL, NULL, NULL, NULL, NULL, NULL, 'Vigente', NULL),
(103, 73453, '26276', NULL, NULL, NULL, NULL, NULL, NULL, 'Vigente', NULL),
(104, 21314, '20053', NULL, NULL, NULL, NULL, NULL, NULL, 'Vigente', NULL),
(105, 67904, '20036', NULL, NULL, NULL, NULL, NULL, NULL, 'Vigente', NULL),
(106, 75212, '20035', NULL, NULL, NULL, NULL, NULL, NULL, 'Vigente', NULL),
(107, 54523, '20031', NULL, NULL, NULL, NULL, NULL, NULL, 'Vigente', NULL),
(108, 33549, '20028', NULL, NULL, NULL, NULL, NULL, NULL, 'Vigente', NULL),
(109, 37174, '20027', NULL, NULL, NULL, NULL, NULL, NULL, 'Vigente', NULL),
(110, 14084, '27094', NULL, NULL, NULL, NULL, NULL, NULL, 'Vigente', NULL),
(111, 4374, '20022', NULL, NULL, NULL, NULL, NULL, NULL, 'Vigente', NULL),
(112, 4368, '20021', NULL, NULL, NULL, NULL, NULL, NULL, 'Vigente', NULL),
(113, 75237, '20046', NULL, NULL, NULL, NULL, NULL, NULL, 'Vigente', NULL),
(114, 37537, '20024', NULL, NULL, NULL, NULL, NULL, NULL, 'Vigente', NULL),
(115, 50550, '20154', NULL, NULL, NULL, NULL, NULL, NULL, 'Vigente', NULL),
(116, 33555, '20042', NULL, NULL, NULL, NULL, NULL, NULL, 'Vigente', NULL),
(117, 21288, '20064', NULL, NULL, NULL, NULL, NULL, NULL, 'Vigente', NULL),
(118, 39001, '18320', NULL, NULL, NULL, NULL, NULL, NULL, 'Vigente', NULL),
(119, 75235, '18318', NULL, NULL, NULL, NULL, NULL, NULL, 'Vigente', NULL),
(120, 75121, '18317', NULL, NULL, NULL, NULL, NULL, NULL, 'Vigente', NULL),
(121, 47692, '18316', NULL, NULL, NULL, NULL, NULL, NULL, 'Vigente', NULL),
(122, 50564, '18315', NULL, NULL, NULL, NULL, NULL, NULL, 'Vigente', NULL),
(123, 72609, '18312', NULL, NULL, NULL, NULL, NULL, NULL, 'Vigente', NULL),
(124, 71079, '18311', NULL, NULL, NULL, NULL, NULL, NULL, 'Vigente', NULL),
(125, 40532, '18310', NULL, NULL, NULL, NULL, NULL, NULL, 'Vigente', NULL),
(126, 17329, '26279', NULL, NULL, NULL, NULL, NULL, NULL, 'Vigente', NULL),
(127, 83411, '26278', NULL, NULL, NULL, NULL, NULL, NULL, 'Vigente', NULL),
(128, 39546, '10692', NULL, NULL, NULL, NULL, NULL, NULL, 'Vigente', NULL),
(129, 77687, '11283', NULL, NULL, NULL, NULL, NULL, NULL, 'Vigente', NULL),
(130, 21341, '8868', NULL, NULL, NULL, NULL, NULL, NULL, 'Vigente', NULL),
(131, 9044, '5450', NULL, NULL, NULL, NULL, NULL, NULL, 'Vigente', NULL),
(132, 21292, '8929', NULL, NULL, NULL, NULL, NULL, NULL, 'Vigente', NULL),
(133, 30826, '26285', NULL, NULL, NULL, NULL, NULL, NULL, 'Vigente', NULL),
(134, 45330, '20058', NULL, NULL, NULL, NULL, NULL, NULL, 'Vigente', NULL),
(135, 9045, '20034', NULL, NULL, NULL, NULL, NULL, NULL, 'Vigente', NULL),
(136, 43537, '36567', NULL, NULL, NULL, NULL, NULL, NULL, 'Vigente', NULL),
(137, 79557, '36566', NULL, NULL, NULL, NULL, NULL, NULL, 'Vigente', NULL),
(138, 18648, '36568', NULL, NULL, NULL, NULL, NULL, NULL, 'Vigente', NULL),
(139, 39262, '26310', NULL, NULL, NULL, NULL, NULL, NULL, 'Vigente', NULL),
(140, 18563, '26325', NULL, NULL, NULL, NULL, NULL, NULL, 'Vigente', NULL),
(141, 39548, '26306', NULL, NULL, NULL, NULL, NULL, NULL, 'Vigente', NULL),
(142, 34063, '26320', NULL, NULL, NULL, NULL, NULL, NULL, 'Vigente', NULL),
(143, 51973, '6322', NULL, NULL, NULL, NULL, NULL, NULL, 'Vigente', NULL),
(144, 45249, '20152', NULL, NULL, NULL, NULL, NULL, NULL, 'Vigente', NULL),
(145, 64931, '5308', NULL, NULL, NULL, NULL, NULL, NULL, 'Vigente', NULL),
(146, 37000, '7323', NULL, NULL, NULL, NULL, NULL, NULL, 'Vigente', NULL),
(147, 17361, '26265', NULL, NULL, NULL, NULL, NULL, NULL, 'Vigente', NULL),
(148, 30654, '5879', NULL, NULL, NULL, NULL, NULL, NULL, 'Vigente', NULL),
(149, 75601, '8874', NULL, NULL, NULL, NULL, NULL, NULL, 'Vigente', NULL),
(150, 9490, '10693', NULL, NULL, NULL, NULL, NULL, NULL, 'Vigente', NULL),
(151, 4749, '6959', NULL, NULL, NULL, NULL, NULL, NULL, 'Vigente', NULL),
(152, 91196, '19677', NULL, NULL, NULL, NULL, NULL, NULL, 'Vigente', NULL),
(153, 38462, '20051', NULL, NULL, NULL, NULL, NULL, NULL, 'Vigente', NULL),
(154, 33563, '20126', NULL, NULL, NULL, NULL, NULL, NULL, 'Vigente', NULL),
(155, 54475, '5668', NULL, NULL, NULL, NULL, NULL, NULL, 'Vigente', NULL),
(156, 35160, '6111', NULL, NULL, NULL, NULL, NULL, NULL, 'Vigente', NULL),
(157, 36825, '6281', NULL, NULL, NULL, NULL, NULL, NULL, 'Vigente', NULL),
(158, 46628, '7611', NULL, NULL, NULL, NULL, NULL, NULL, 'Vigente', NULL),
(159, 75383, '20050', NULL, NULL, NULL, NULL, NULL, NULL, 'Vigente', NULL),
(160, 54777, '19668', NULL, NULL, NULL, NULL, NULL, NULL, 'Vigente', NULL),
(161, 33564, '26333', NULL, NULL, NULL, NULL, NULL, NULL, 'Vigente', NULL),
(162, 21307, '8933', NULL, NULL, NULL, NULL, NULL, NULL, 'Vigente', NULL),
(163, 54555, '7021', NULL, NULL, NULL, NULL, NULL, NULL, 'Vigente', NULL),
(164, 52583, '18356', NULL, NULL, NULL, NULL, NULL, NULL, 'Vigente', NULL),
(165, 9379, '20014', NULL, NULL, NULL, NULL, NULL, NULL, 'Vigente', NULL),
(166, 49613, '18395', NULL, NULL, NULL, NULL, NULL, NULL, 'Vigente', NULL),
(167, 70538, '18367', NULL, NULL, NULL, NULL, NULL, NULL, 'Vigente', NULL),
(168, 20190, '5169', NULL, NULL, NULL, NULL, NULL, NULL, 'Vigente', NULL),
(169, 49619, '19674', NULL, NULL, NULL, NULL, NULL, NULL, 'Vigente', NULL),
(170, 10824, '26331', NULL, NULL, NULL, NULL, NULL, NULL, 'Vigente', NULL),
(171, 33558, '29307', NULL, NULL, NULL, NULL, NULL, NULL, 'Vigente', NULL),
(172, 58507, '4992', NULL, NULL, NULL, NULL, NULL, NULL, 'Vigente', NULL),
(173, 37145, '9597', NULL, NULL, NULL, NULL, NULL, NULL, 'Vigente', NULL),
(174, 42709, '30091', NULL, NULL, NULL, NULL, NULL, NULL, 'Vigente', NULL),
(175, 44366, '20086', NULL, NULL, NULL, NULL, NULL, NULL, 'Vigente', NULL),
(176, 40870, '7225', NULL, NULL, NULL, NULL, NULL, NULL, 'Vigente', NULL),
(177, 76942, '6073', NULL, NULL, NULL, NULL, NULL, NULL, 'Vigente', NULL),
(178, 58033, '5214', NULL, NULL, NULL, NULL, NULL, NULL, 'Vigente', NULL),
(179, 43792, '6344', NULL, NULL, NULL, NULL, NULL, NULL, 'Vigente', NULL),
(180, 37348, '11319', NULL, NULL, NULL, NULL, NULL, NULL, 'Vigente', NULL),
(181, 57988, '6343', NULL, NULL, NULL, NULL, NULL, NULL, 'Vigente', NULL),
(182, 45946, '19672', NULL, NULL, NULL, NULL, NULL, NULL, 'Vigente', NULL),
(183, 42019, '7780', NULL, NULL, NULL, NULL, NULL, NULL, 'Vigente', NULL),
(184, 67738, '6062', NULL, NULL, NULL, NULL, NULL, NULL, 'Vigente', NULL),
(185, 21352, '8872', NULL, NULL, NULL, NULL, NULL, NULL, 'Vigente', NULL),
(186, 9051, '5396', NULL, NULL, NULL, NULL, NULL, NULL, 'Vigente', NULL),
(187, 13011, '8748', NULL, NULL, NULL, NULL, NULL, NULL, 'Vigente', NULL),
(188, 43527, '19669', NULL, NULL, NULL, NULL, NULL, NULL, 'Vigente', NULL),
(189, 73066, '5262', NULL, NULL, NULL, NULL, NULL, NULL, 'Vigente', NULL),
(190, 70648, '6548', NULL, NULL, NULL, NULL, NULL, NULL, 'Vigente', NULL),
(191, 21293, '26314', NULL, NULL, NULL, NULL, NULL, NULL, 'Vigente', NULL),
(192, 75118, '7082', NULL, NULL, NULL, NULL, NULL, NULL, 'Vigente', NULL),
(193, 43526, '5952', NULL, NULL, NULL, NULL, NULL, NULL, 'Vigente', NULL),
(194, 40169, '8927', NULL, NULL, NULL, NULL, NULL, NULL, 'Vigente', NULL),
(195, 35096, '8181', NULL, NULL, NULL, NULL, NULL, NULL, 'Vigente', NULL),
(196, 41936, '5670', NULL, NULL, NULL, NULL, NULL, NULL, 'Vigente', NULL),
(197, 41468, '26313', NULL, NULL, NULL, NULL, NULL, NULL, 'Vigente', NULL),
(198, 14080, '8751', NULL, NULL, NULL, NULL, NULL, NULL, 'Vigente', NULL),
(199, 53072, '8750', NULL, NULL, NULL, NULL, NULL, NULL, 'Vigente', NULL),
(200, 30658, '7743', NULL, NULL, NULL, NULL, NULL, NULL, 'Vigente', NULL),
(201, 75252, '20124', NULL, NULL, NULL, NULL, NULL, NULL, 'Vigente', NULL),
(202, 17795, '26293', NULL, NULL, NULL, NULL, NULL, NULL, 'Vigente', NULL),
(203, 62299, '26292', NULL, NULL, NULL, NULL, NULL, NULL, 'Vigente', NULL),
(204, 17498, '26291', NULL, NULL, NULL, NULL, NULL, NULL, 'Vigente', NULL),
(205, 9086, '5880', NULL, NULL, NULL, NULL, NULL, NULL, 'Vigente', NULL),
(206, 30657, '5391', NULL, NULL, NULL, NULL, NULL, NULL, 'Vigente', NULL),
(207, 21357, '8873', NULL, NULL, NULL, NULL, NULL, NULL, 'Vigente', NULL),
(208, 21315, '8860', NULL, NULL, NULL, NULL, NULL, NULL, 'Vigente', NULL),
(209, 54554, '20122', NULL, NULL, NULL, NULL, NULL, NULL, 'Vigente', NULL),
(210, 17689, '23748', NULL, NULL, NULL, NULL, NULL, NULL, 'Vigente', NULL),
(211, 9489, '5237', NULL, NULL, NULL, NULL, NULL, NULL, 'Vigente', NULL),
(212, 9027, '36299', NULL, NULL, NULL, NULL, NULL, NULL, 'Vigente', NULL),
(213, 21283, '36297', NULL, NULL, NULL, NULL, NULL, NULL, 'Vigente', NULL),
(214, 36643, '36296', NULL, NULL, NULL, NULL, NULL, NULL, 'Vigente', NULL),
(215, 53075, '36295', NULL, NULL, NULL, NULL, NULL, NULL, 'Vigente', NULL),
(216, 4979, '36293', NULL, NULL, NULL, NULL, NULL, NULL, 'Vigente', NULL),
(217, 16609, '36292', NULL, NULL, NULL, NULL, NULL, NULL, 'Vigente', NULL),
(218, 8031, '36304', NULL, NULL, NULL, NULL, NULL, NULL, 'Vigente', NULL),
(219, 36655, '36303', NULL, NULL, NULL, NULL, NULL, NULL, 'Vigente', NULL),
(220, 19124, '36294', NULL, NULL, NULL, NULL, NULL, NULL, 'Vigente', NULL),
(221, 44092, '36302', NULL, NULL, NULL, NULL, NULL, NULL, 'Vigente', NULL),
(222, 13002, '36301', NULL, NULL, NULL, NULL, NULL, NULL, 'Vigente', NULL),
(223, 77815, '35740', NULL, NULL, NULL, NULL, NULL, NULL, 'Vigente', NULL),
(224, 37542, '35738', NULL, NULL, NULL, NULL, NULL, NULL, 'Vigente', NULL),
(225, 46941, '7072', NULL, NULL, NULL, NULL, NULL, NULL, 'Vigente', NULL),
(226, 64930, '5999', NULL, NULL, NULL, NULL, NULL, NULL, 'Vigente', NULL),
(227, 18949, '26321', NULL, NULL, NULL, NULL, NULL, NULL, 'Vigente', NULL),
(228, 91194, '8742', NULL, NULL, NULL, NULL, NULL, NULL, 'Vigente', NULL),
(229, 56474, '19678', NULL, NULL, NULL, NULL, NULL, NULL, 'Vigente', NULL),
(230, 40865, '10999', NULL, NULL, NULL, NULL, NULL, NULL, 'Vigente', NULL),
(231, 63510, '8735', NULL, NULL, NULL, NULL, NULL, NULL, 'Vigente', NULL),
(232, 39383, '20130', NULL, NULL, NULL, NULL, NULL, NULL, 'Vigente', NULL),
(233, 75226, '5159', NULL, NULL, NULL, NULL, NULL, NULL, 'Vigente', NULL),
(234, 45005, '20996', NULL, NULL, NULL, NULL, NULL, NULL, 'Vigente', NULL),
(235, 38802, '10403', NULL, NULL, NULL, NULL, NULL, NULL, 'Vigente', NULL),
(236, 66414, '5234', NULL, NULL, NULL, NULL, NULL, NULL, 'Vigente', NULL),
(237, 45446, '26319', NULL, NULL, NULL, NULL, NULL, NULL, 'Vigente', NULL),
(238, 46056, '7071', NULL, NULL, NULL, NULL, NULL, NULL, 'Vigente', NULL),
(239, 45745, '4991', NULL, NULL, NULL, NULL, NULL, NULL, 'Vigente', NULL),
(240, 77688, '11321', NULL, NULL, NULL, NULL, NULL, NULL, 'Vigente', NULL),
(241, 13010, '10331', NULL, NULL, NULL, NULL, NULL, NULL, 'Vigente', NULL),
(242, 75107, '20055', NULL, NULL, NULL, NULL, NULL, NULL, 'Vigente', NULL),
(243, 75251, '6615', NULL, NULL, NULL, NULL, NULL, NULL, 'Vigente', NULL),
(244, 9013, '10688', NULL, NULL, NULL, NULL, NULL, NULL, 'Vigente', NULL),
(245, 44360, '6005', NULL, NULL, NULL, NULL, NULL, NULL, 'Vigente', NULL),
(246, 57481, '30090', NULL, NULL, NULL, NULL, NULL, NULL, 'Vigente', NULL),
(247, 48114, '5721', NULL, NULL, NULL, NULL, NULL, NULL, 'Vigente', NULL),
(248, 14085, '5174', NULL, NULL, NULL, NULL, NULL, NULL, 'Vigente', NULL),
(249, 4510, '26316', NULL, NULL, NULL, NULL, NULL, NULL, 'Vigente', NULL),
(250, 76939, '9608', NULL, NULL, NULL, NULL, NULL, NULL, 'Vigente', NULL),
(251, 46944, '5886', NULL, NULL, NULL, NULL, NULL, NULL, 'Vigente', NULL),
(252, 43528, '5940', NULL, NULL, NULL, NULL, NULL, NULL, 'Vigente', NULL),
(253, 46713, '19682', NULL, NULL, NULL, NULL, NULL, NULL, 'Vigente', NULL),
(254, 4885, '5161', NULL, NULL, NULL, NULL, NULL, NULL, 'Vigente', NULL),
(255, 21294, '26289', NULL, NULL, NULL, NULL, NULL, NULL, 'Vigente', NULL),
(256, 71358, '19692', NULL, NULL, NULL, NULL, NULL, NULL, 'Vigente', NULL),
(257, 17330, '5206', NULL, NULL, NULL, NULL, NULL, NULL, 'Vigente', NULL),
(258, 40958, '10340', NULL, NULL, NULL, NULL, NULL, NULL, 'Vigente', NULL),
(259, 44590, '7996', NULL, NULL, NULL, NULL, NULL, NULL, 'Vigente', NULL),
(260, 38878, '7252', NULL, NULL, NULL, NULL, NULL, NULL, 'Vigente', NULL),
(261, 9020, '20023', NULL, NULL, NULL, NULL, NULL, NULL, 'Vigente', NULL),
(262, 75646, '19683', NULL, NULL, NULL, NULL, NULL, NULL, 'Vigente', NULL),
(263, 21342, '8869', NULL, NULL, NULL, NULL, NULL, NULL, 'Vigente', NULL),
(264, 37655, '6616', NULL, NULL, NULL, NULL, NULL, NULL, 'Vigente', NULL),
(265, 51150, '19693', NULL, NULL, NULL, NULL, NULL, NULL, 'Vigente', NULL),
(266, 21371, '8877', NULL, NULL, NULL, NULL, NULL, NULL, 'Vigente', NULL),
(267, 67903, '5547', NULL, NULL, NULL, NULL, NULL, NULL, 'Vigente', NULL),
(268, 47084, '5170', NULL, NULL, NULL, NULL, NULL, NULL, 'Vigente', NULL),
(269, 35347, '6345', NULL, NULL, NULL, NULL, NULL, NULL, 'Vigente', NULL),
(270, 21359, '8875', NULL, NULL, NULL, NULL, NULL, NULL, 'Vigente', NULL),
(271, 21316, '8861', NULL, NULL, NULL, NULL, NULL, NULL, 'Vigente', NULL),
(272, 13001, '20089', NULL, NULL, NULL, NULL, NULL, NULL, 'Vigente', NULL),
(273, 16100, '4794', NULL, NULL, NULL, NULL, NULL, NULL, 'Vigente', NULL),
(274, 55910, '6549', NULL, NULL, NULL, NULL, NULL, NULL, 'Vigente', NULL),
(275, 18555, '26288', NULL, NULL, NULL, NULL, NULL, NULL, 'Vigente', NULL),
(276, 50792, '10686', NULL, NULL, NULL, NULL, NULL, NULL, 'Vigente', NULL),
(277, 4950, '8723', NULL, NULL, NULL, NULL, NULL, NULL, 'Vigente', NULL),
(278, 40274, '11085', NULL, NULL, NULL, NULL, NULL, NULL, 'Vigente', NULL),
(279, 75471, '8191', NULL, NULL, NULL, NULL, NULL, NULL, 'Vigente', NULL),
(280, 46141, '6028', NULL, NULL, NULL, NULL, NULL, NULL, 'Vigente', NULL),
(281, 38801, '10402', NULL, NULL, NULL, NULL, NULL, NULL, 'Vigente', NULL),
(282, 75106, '5822', NULL, NULL, NULL, NULL, NULL, NULL, 'Vigente', NULL),
(283, 42710, '19660', NULL, NULL, NULL, NULL, NULL, NULL, 'Vigente', NULL),
(284, 18761, '26326', NULL, NULL, NULL, NULL, NULL, NULL, 'Vigente', NULL),
(285, 48271, '34973', NULL, NULL, NULL, NULL, NULL, NULL, 'Vigente', NULL),
(286, 45948, '10165', NULL, NULL, NULL, NULL, NULL, NULL, 'Vigente', NULL),
(287, 4846, '8720', NULL, NULL, NULL, NULL, NULL, NULL, 'Vigente', NULL),
(288, 73808, '19679', NULL, NULL, NULL, NULL, NULL, NULL, 'Vigente', NULL),
(289, 50529, '18376', NULL, NULL, NULL, NULL, NULL, NULL, 'Vigente', NULL),
(290, 37096, '26324', NULL, NULL, NULL, NULL, NULL, NULL, 'Vigente', NULL),
(291, 47835, '7069', NULL, NULL, NULL, NULL, NULL, NULL, 'Vigente', NULL),
(292, 51156, '19670', NULL, NULL, NULL, NULL, NULL, NULL, 'Vigente', NULL),
(293, 51154, '19664', NULL, NULL, NULL, NULL, NULL, NULL, 'Vigente', NULL),
(294, 57754, '18374', NULL, NULL, NULL, NULL, NULL, NULL, 'Vigente', NULL),
(295, 75474, '18372', NULL, NULL, NULL, NULL, NULL, NULL, 'Vigente', NULL),
(296, 44365, '11320', NULL, NULL, NULL, NULL, NULL, NULL, 'Vigente', NULL),
(297, 45383, '8097', NULL, NULL, NULL, NULL, NULL, NULL, 'Vigente', NULL),
(298, 47822, '19663', NULL, NULL, NULL, NULL, NULL, NULL, 'Vigente', NULL),
(299, 33569, '7322', NULL, NULL, NULL, NULL, NULL, NULL, 'Vigente', NULL),
(300, 12998, '26287', NULL, NULL, NULL, NULL, NULL, NULL, 'Vigente', NULL),
(301, 17070, '26286', NULL, NULL, NULL, NULL, NULL, NULL, 'Vigente', NULL),
(302, 9587, '8737', NULL, NULL, NULL, NULL, NULL, NULL, 'Vigente', NULL),
(303, 36774, '20119', NULL, NULL, NULL, NULL, NULL, NULL, 'Vigente', NULL),
(304, 48667, '6467', NULL, NULL, NULL, NULL, NULL, NULL, 'Vigente', NULL),
(305, 4364, '8711', NULL, NULL, NULL, NULL, NULL, NULL, 'Vigente', NULL),
(306, 37095, '9576', NULL, NULL, NULL, NULL, NULL, NULL, 'Vigente', NULL),
(307, 42713, '7020', NULL, NULL, NULL, NULL, NULL, NULL, 'Vigente', NULL),
(308, 12995, '8741', NULL, NULL, NULL, NULL, NULL, NULL, 'Vigente', NULL),
(309, 9522, '5268', NULL, NULL, NULL, NULL, NULL, NULL, 'Vigente', NULL),
(310, 17151, '26271', NULL, NULL, NULL, NULL, NULL, NULL, 'Vigente', NULL),
(311, 17012, '26270', NULL, NULL, NULL, NULL, NULL, NULL, 'Vigente', NULL),
(312, 17220, '26269', NULL, NULL, NULL, NULL, NULL, NULL, 'Vigente', NULL),
(313, 48571, '7224', NULL, NULL, NULL, NULL, NULL, NULL, 'Vigente', NULL),
(314, 44362, '5167', NULL, NULL, NULL, NULL, NULL, NULL, 'Vigente', NULL),
(315, 52300, '29809', NULL, NULL, NULL, NULL, NULL, NULL, 'Vigente', NULL),
(316, 93012, '8749', NULL, NULL, NULL, NULL, NULL, NULL, 'Vigente', NULL),
(317, 90637, '36693', NULL, NULL, NULL, NULL, NULL, NULL, 'Vigente', NULL),
(318, 90638, '36691', NULL, NULL, NULL, NULL, NULL, NULL, 'Vigente', NULL),
(319, 66176, '36689', NULL, NULL, NULL, NULL, NULL, NULL, 'Vigente', NULL),
(320, 90641, '36690', NULL, NULL, NULL, NULL, NULL, NULL, 'Vigente', NULL),
(321, 4408, '26290', NULL, NULL, NULL, NULL, NULL, NULL, 'Vigente', NULL),
(322, 21306, '10691', NULL, NULL, NULL, NULL, NULL, NULL, 'Vigente', NULL),
(323, 21275, '8925', NULL, NULL, NULL, NULL, NULL, NULL, 'Vigente', NULL),
(324, 21298, '8932', NULL, NULL, NULL, NULL, NULL, NULL, 'Vigente', NULL),
(325, 75224, '8896', NULL, NULL, NULL, NULL, NULL, NULL, 'Vigente', NULL),
(326, 47780, '9952', NULL, NULL, NULL, NULL, NULL, NULL, 'Vigente', NULL),
(327, 38761, '10352', NULL, NULL, NULL, NULL, NULL, NULL, 'Vigente', NULL),
(328, 49606, '9575', NULL, NULL, NULL, NULL, NULL, NULL, 'Vigente', NULL),
(329, 43094, '5425', NULL, NULL, NULL, NULL, NULL, NULL, 'Vigente', NULL),
(330, 36574, '9329', NULL, NULL, NULL, NULL, NULL, NULL, 'Vigente', NULL),
(331, 5248, '8724', NULL, NULL, NULL, NULL, NULL, NULL, 'Vigente', NULL),
(332, 34435, '8098', NULL, NULL, NULL, NULL, NULL, NULL, 'Vigente', NULL),
(333, 13006, '8745', NULL, NULL, NULL, NULL, NULL, NULL, 'Vigente', NULL),
(334, 9216, '8734', NULL, NULL, NULL, NULL, NULL, NULL, 'Vigente', NULL),
(335, 9072, '8731', NULL, NULL, NULL, NULL, NULL, NULL, 'Vigente', NULL),
(336, 40871, '11001', NULL, NULL, NULL, NULL, NULL, NULL, 'Vigente', NULL),
(337, 49746, '10928', NULL, NULL, NULL, NULL, NULL, NULL, 'Vigente', NULL),
(338, 52961, '10827', NULL, NULL, NULL, NULL, NULL, NULL, 'Vigente', NULL),
(339, 43789, '20140', NULL, NULL, NULL, NULL, NULL, NULL, 'Vigente', NULL),
(340, 47083, '16329', NULL, NULL, NULL, NULL, NULL, NULL, 'Vigente', NULL),
(341, 4330, '20084', NULL, NULL, NULL, NULL, NULL, NULL, 'Vigente', NULL),
(342, 46939, '6187', NULL, NULL, NULL, NULL, NULL, NULL, 'Vigente', NULL),
(343, 49624, '20144', NULL, NULL, NULL, NULL, NULL, NULL, 'Vigente', NULL),
(344, 56613, '7330', NULL, NULL, NULL, NULL, NULL, NULL, 'Vigente', NULL),
(345, 30656, '7742', NULL, NULL, NULL, NULL, NULL, NULL, 'Vigente', NULL),
(346, 78764, '6747', NULL, NULL, NULL, NULL, NULL, NULL, 'Vigente', NULL),
(347, 35249, '8228', NULL, NULL, NULL, NULL, NULL, NULL, 'Vigente', NULL),
(348, 38974, '10841', NULL, NULL, NULL, NULL, NULL, NULL, 'Vigente', NULL),
(349, 30651, '7740', NULL, NULL, NULL, NULL, NULL, NULL, 'Vigente', NULL),
(350, 39247, '10546', NULL, NULL, NULL, NULL, NULL, NULL, 'Vigente', NULL),
(351, 54522, '18399', NULL, NULL, NULL, NULL, NULL, NULL, 'Vigente', NULL),
(352, 68205, '10032', NULL, NULL, NULL, NULL, NULL, NULL, 'Vigente', NULL),
(353, 67984, '9980', NULL, NULL, NULL, NULL, NULL, NULL, 'Vigente', NULL),
(354, 41834, '16330', NULL, NULL, NULL, NULL, NULL, NULL, 'Vigente', NULL),
(355, 4318, '8710', NULL, NULL, NULL, NULL, NULL, NULL, 'Vigente', NULL),
(356, 75415, '8721', NULL, NULL, NULL, NULL, NULL, NULL, 'Vigente', NULL),
(357, 35158, '8189', NULL, NULL, NULL, NULL, NULL, NULL, 'Vigente', NULL),
(358, 34515, '20044', NULL, NULL, NULL, NULL, NULL, NULL, 'Vigente', NULL),
(359, 47778, '6746', NULL, NULL, NULL, NULL, NULL, NULL, 'Vigente', NULL),
(360, 38102, '26267', NULL, NULL, NULL, NULL, NULL, NULL, 'Vigente', NULL),
(361, 39466, '10844', NULL, NULL, NULL, NULL, NULL, NULL, 'Vigente', NULL),
(362, 35248, '8227', NULL, NULL, NULL, NULL, NULL, NULL, 'Vigente', NULL),
(363, 18167, '27093', NULL, NULL, NULL, NULL, NULL, NULL, 'Vigente', NULL),
(364, 36229, '5028', NULL, NULL, NULL, NULL, NULL, NULL, 'Vigente', NULL),
(365, 5459, '34549', NULL, NULL, NULL, NULL, NULL, NULL, 'Vigente', NULL),
(366, 41915, '34548', NULL, NULL, NULL, NULL, NULL, NULL, 'Vigente', NULL),
(367, 72838, '34546', NULL, NULL, NULL, NULL, NULL, NULL, 'Vigente', NULL),
(368, 44615, '34545', NULL, NULL, NULL, NULL, NULL, NULL, 'Vigente', NULL),
(369, 40675, '34550', NULL, NULL, NULL, NULL, NULL, NULL, 'Vigente', NULL),
(370, 4475, '34547', NULL, NULL, NULL, NULL, NULL, NULL, 'Vigente', NULL),
(371, 10747, '34544', NULL, NULL, NULL, NULL, NULL, NULL, 'Vigente', NULL),
(372, 21361, '34569', NULL, NULL, NULL, NULL, NULL, NULL, 'Vigente', NULL),
(373, 59907, '34571', NULL, NULL, NULL, NULL, NULL, NULL, 'Vigente', NULL),
(374, 74, '34570', NULL, NULL, NULL, NULL, NULL, NULL, 'Vigente', NULL),
(375, 9019, '34567', NULL, NULL, NULL, NULL, NULL, NULL, 'Vigente', NULL),
(376, 43533, '34566', NULL, NULL, NULL, NULL, NULL, NULL, 'Vigente', NULL),
(377, 43534, '34568', NULL, NULL, NULL, NULL, NULL, NULL, 'Vigente', NULL),
(378, 9636, '34564', NULL, NULL, NULL, NULL, NULL, NULL, 'Vigente', NULL),
(379, 41825, '34563', NULL, NULL, NULL, NULL, NULL, NULL, 'Vigente', NULL),
(380, 42711, '34561', NULL, NULL, NULL, NULL, NULL, NULL, 'Vigente', NULL),
(381, 43538, '34560', NULL, NULL, NULL, NULL, NULL, NULL, 'Vigente', NULL),
(382, 44591, '34559', NULL, NULL, NULL, NULL, NULL, NULL, 'Vigente', NULL),
(383, 74161, '34562', NULL, NULL, NULL, NULL, NULL, NULL, 'Vigente', NULL),
(384, 55609, '34556', NULL, NULL, NULL, NULL, NULL, NULL, 'Vigente', NULL),
(385, 78762, '34555', NULL, NULL, NULL, NULL, NULL, NULL, 'Vigente', NULL),
(386, 44553, '34553', NULL, NULL, NULL, NULL, NULL, NULL, 'Vigente', NULL),
(387, 68627, '34554', NULL, NULL, NULL, NULL, NULL, NULL, 'Vigente', NULL),
(388, 51152, '34552', NULL, NULL, NULL, NULL, NULL, NULL, 'Vigente', NULL),
(389, 21333, '34557', NULL, NULL, NULL, NULL, NULL, NULL, 'Vigente', NULL),
(390, 44215, '5441', NULL, NULL, NULL, NULL, NULL, NULL, 'Vigente', NULL),
(391, 36642, '35276', NULL, NULL, NULL, NULL, NULL, NULL, 'Vigente', NULL),
(392, 53781, '35275', NULL, NULL, NULL, NULL, NULL, NULL, 'Vigente', NULL),
(393, 17630, '27521', NULL, NULL, NULL, NULL, NULL, NULL, 'Vigente', NULL),
(394, 12044, '27520', NULL, NULL, NULL, NULL, NULL, NULL, 'Vigente', NULL),
(395, 18809, '27518', NULL, NULL, NULL, NULL, NULL, NULL, 'Vigente', NULL),
(396, 12882, '34310', NULL, NULL, NULL, NULL, NULL, NULL, 'Vigente', NULL),
(397, 48118, '34316', NULL, NULL, NULL, NULL, NULL, NULL, 'Vigente', NULL),
(398, 76944, '34315', NULL, NULL, NULL, NULL, NULL, NULL, 'Vigente', NULL),
(399, 45328, '19684', NULL, NULL, NULL, NULL, NULL, NULL, 'Vigente', NULL),
(400, 75216, '19681', NULL, NULL, NULL, NULL, NULL, NULL, 'Vigente', NULL),
(401, 21273, '19680', NULL, NULL, NULL, NULL, NULL, NULL, 'Vigente', NULL),
(402, 18701, '19673', NULL, NULL, NULL, NULL, NULL, NULL, 'Vigente', NULL),
(403, 49744, '19676', NULL, NULL, NULL, NULL, NULL, NULL, 'Vigente', NULL),
(404, 51195, '19675', NULL, NULL, NULL, NULL, NULL, NULL, 'Vigente', NULL),
(405, 30659, '19671', NULL, NULL, NULL, NULL, NULL, NULL, 'Vigente', NULL),
(406, 51153, '19667', NULL, NULL, NULL, NULL, NULL, NULL, 'Vigente', NULL),
(407, 79105, '19666', NULL, NULL, NULL, NULL, NULL, NULL, 'Vigente', NULL),
(408, 67906, '30385', NULL, NULL, NULL, NULL, NULL, NULL, 'Vigente', NULL),
(409, 4383, '30384', NULL, NULL, NULL, NULL, NULL, NULL, 'Vigente', NULL),
(410, 75115, '30383', NULL, NULL, NULL, NULL, NULL, NULL, 'Vigente', NULL),
(411, 9037, '30391', NULL, NULL, NULL, NULL, NULL, NULL, 'Vigente', NULL),
(412, 33567, '30388', NULL, NULL, NULL, NULL, NULL, NULL, 'Vigente', NULL),
(413, 4369, '30386', NULL, NULL, NULL, NULL, NULL, NULL, 'Vigente', NULL),
(414, 30655, '30381', NULL, NULL, NULL, NULL, NULL, NULL, 'Vigente', NULL),
(415, 21317, '30390', NULL, NULL, NULL, NULL, NULL, NULL, 'Vigente', NULL),
(416, 21280, '30382', NULL, NULL, NULL, NULL, NULL, NULL, 'Vigente', NULL),
(417, 33543, '30387', NULL, NULL, NULL, NULL, NULL, NULL, 'Vigente', NULL),
(418, 16754, '33657', NULL, NULL, NULL, NULL, NULL, NULL, 'Vigente', NULL),
(419, 5453, '33656', NULL, NULL, NULL, NULL, NULL, NULL, 'Vigente', NULL),
(420, 19017, '33658', NULL, NULL, NULL, NULL, NULL, NULL, 'Vigente', NULL),
(421, 21322, '30389', NULL, NULL, NULL, NULL, NULL, NULL, 'Vigente', NULL),
(422, 38818, '19661', NULL, NULL, NULL, NULL, NULL, NULL, 'Vigente', NULL),
(423, 13300, '19659', NULL, NULL, NULL, NULL, NULL, NULL, 'Vigente', NULL),
(424, 72107, '19665', NULL, NULL, NULL, NULL, NULL, NULL, 'Vigente', NULL),
(425, 48146, '11323', NULL, NULL, NULL, NULL, NULL, NULL, 'Vigente', NULL),
(426, 67905, '20101', NULL, NULL, NULL, NULL, NULL, NULL, 'Vigente', NULL),
(427, 50560, '6309', NULL, NULL, NULL, NULL, NULL, NULL, 'Vigente', NULL),
(428, 37285, '6552', NULL, NULL, NULL, NULL, NULL, NULL, 'Vigente', NULL),
(429, 18448, '26322', NULL, NULL, NULL, NULL, NULL, NULL, 'Vigente', NULL),
(430, 18594, '26308', NULL, NULL, NULL, NULL, NULL, NULL, 'Vigente', NULL),
(431, 17009, '26307', NULL, NULL, NULL, NULL, NULL, NULL, 'Vigente', NULL),
(432, 17066, '26282', NULL, NULL, NULL, NULL, NULL, NULL, 'Vigente', NULL),
(433, 17658, '26281', NULL, NULL, NULL, NULL, NULL, NULL, 'Vigente', NULL),
(434, 34434, '32750', NULL, NULL, NULL, NULL, NULL, NULL, 'Vigente', NULL),
(435, 18696, '32754', NULL, NULL, NULL, NULL, NULL, NULL, 'Vigente', NULL),
(436, 17332, '32749', NULL, NULL, NULL, NULL, NULL, NULL, 'Vigente', NULL),
(437, 18455, '26309', NULL, NULL, NULL, NULL, NULL, NULL, 'Vigente', NULL),
(438, 41029, '11021', NULL, NULL, NULL, NULL, NULL, NULL, 'Vigente', NULL),
(439, 17269, '26329', NULL, NULL, NULL, NULL, NULL, NULL, 'Vigente', NULL),
(440, 67118, '18373', NULL, NULL, NULL, NULL, NULL, NULL, 'Vigente', NULL),
(441, 39531, '10687', NULL, NULL, NULL, NULL, NULL, NULL, 'Vigente', NULL),
(442, 36645, '10166', NULL, NULL, NULL, NULL, NULL, NULL, 'Vigente', NULL),
(443, 51151, '18398', NULL, NULL, NULL, NULL, NULL, NULL, 'Vigente', NULL),
(444, 75472, '6597', NULL, NULL, NULL, NULL, NULL, NULL, 'Vigente', NULL),
(445, 50363, '5375', NULL, NULL, NULL, NULL, NULL, NULL, 'Vigente', NULL),
(446, 41937, '26330', NULL, NULL, NULL, NULL, NULL, NULL, 'Vigente', NULL),
(447, 75104, '20092', NULL, NULL, NULL, NULL, NULL, NULL, 'Vigente', NULL),
(448, 31387, '4851', NULL, NULL, NULL, NULL, NULL, NULL, 'Vigente', NULL),
(449, 76083, '20120', NULL, NULL, NULL, NULL, NULL, NULL, 'Vigente', NULL),
(450, 56128, '19686', NULL, NULL, NULL, NULL, NULL, NULL, 'Vigente', NULL),
(451, 21338, '8866', NULL, NULL, NULL, NULL, NULL, NULL, 'Vigente', NULL),
(452, 56832, '8730', NULL, NULL, NULL, NULL, NULL, NULL, 'Vigente', NULL),
(453, 9025, '26327', NULL, NULL, NULL, NULL, NULL, NULL, 'Vigente', NULL),
(454, 45632, '10622', NULL, NULL, NULL, NULL, NULL, NULL, 'Vigente', NULL),
(455, 4346, '4878', NULL, NULL, NULL, NULL, NULL, NULL, 'Vigente', NULL),
(456, 18415, '5751', NULL, NULL, NULL, NULL, NULL, NULL, 'Vigente', NULL);

-- --------------------------------------------------------

--
-- Estructura de tabla para la tabla `cop_dependencias`
--

CREATE TABLE `cop_dependencias` (
  `id` int(11) NOT NULL,
  `dependencia` varchar(200) COLLATE utf8_spanish_ci DEFAULT NULL,
  `grupo` varchar(200) COLLATE utf8_spanish_ci DEFAULT NULL,
  `orden` smallint(6) DEFAULT NULL
) ENGINE=InnoDB DEFAULT CHARSET=utf8 COLLATE=utf8_spanish_ci;

--
-- Volcado de datos para la tabla `cop_dependencias`
--

INSERT INTO `cop_dependencias` (`id`, `dependencia`, `grupo`, `orden`) VALUES
(1, 'Juzgado de Paz Letrado', 'Juzgado de Paz Letrado', NULL),
(2, 'Juzgado Mixto (Ex 1 Juzgado Mixto)', 'Juzgado Especializado o Mixto', NULL),
(3, '1 Juzgado de Paz Letrado', 'Juzgado de Paz Letrado', NULL),
(4, 'Juzgado Mixto', 'Juzgado Especializado o Mixto', NULL),
(5, '3 Juzgado de la Investigaci on Preparatoria - Proc. Flagrancia', ' Omisi on Asist. Fam y Conduc. Estado Ebriedad', NULL),
(6, 'Juzgado Penal Colegiado Supraprovincial', 'Juzgado Especializado o Mixto', NULL),
(7, '1  Juzgado de la Investigaci on Preparatoria - Proc. Flagrancia', ' Omisi on Asist. Fam y Conduc. Estado Ebriedad', NULL),
(8, '2  Juzgado de la Investigaci on Preparatoria', 'Juzgado Especializado o Mixto', NULL),
(9, '1  Juzgado de la Investigaci on Preparatoria', 'Juzgado Especializado o Mixto', NULL),
(10, 'Juzgado de la Investigaci on Preparatoria', 'Juzgado Especializado o Mixto', NULL),
(11, 'Oficina Desconcentrada de Control de la Magistratura', 'Oficina Desconcentrada de Control de la Magistratura', NULL),
(12, 'Juzgado de Paz Letrado - CHUPA', 'Juzgado de Paz Letrado', NULL),
(13, 'SALA MIXTA DESCENTRALIZADA', 'Sala Superior Especializada o Mixta', NULL),
(14, 'Juzgado de Paz Letrado - SAN ANTON', 'Juzgado de Paz Letrado', NULL),
(15, 'Juzgado de Paz Letrado - ANANEA', 'Juzgado de Paz Letrado', NULL),
(16, 'Juzgado de Paz Letrado - SANTA ROSA', 'Juzgado de Paz Letrado', NULL),
(17, 'Juzgado Penal Unipersonal', 'Juzgado Especializado o Mixto', NULL),
(18, 'SALA PENAL DE APELACIONES', 'Sala Superior Especializada o Mixta', NULL),
(19, 'Juzgado de Paz Letrado - ASILLO', 'Juzgado de Paz Letrado', NULL),
(20, 'Oficina Distrital de Apoyo a la Justicia de Paz', 'Oficina Distrital de Apoyo a la Justicia de Paz', NULL),
(21, '2  Juzgado Civil', 'Juzgado Especializado o Mixto', NULL),
(22, '1  Juzgado Civil', 'Juzgado Especializado o Mixto', NULL),
(23, 'Organo de Imagen Institucional', 'Organo de Imagen Institucional', NULL),
(24, 'Unidad Administrativa y de Finanzas', 'Gerencia de Administraci on Distrital', NULL),
(25, 'Unidad de Planeamiento y Desarrollo', 'Gerencia de Administraci on Distrital', NULL),
(26, 'Unidad de Servicios Judiciales', 'Gerencia de Administraci on Distrital', NULL),
(27, '2  Juzgado Penal Unipersonal', 'Juzgado Especializado o Mixto', NULL),
(28, '5 Juzgado de la Investigaci on Preparatoria especializado en delitos aduanero', ' tributario', NULL),
(29, '3  Juzgado Penal Unipersonal - Proc. Flagrancia', ' Omisi on Asist. Fam y Conduc. Estado Ebriedad', NULL),
(30, '3  Juzgado de la Investigaci on Preparatoria - Proc. Flagrancia', ' Omisi on Asist. Fam y Conduc. Estado Ebriedad', NULL),
(31, 'SALA CIVIL', 'Sala Superior Especializada o Mixta', NULL),
(32, '1  Juzgado de Familia', 'Juzgado Especializado o Mixto', NULL),
(33, '2  Juzgado de Paz Letrado', 'Juzgado de Paz Letrado', NULL),
(34, 'Juzgado Mixto (en adici on de funciones como Juzgado Penal Unipersonal y Juzgado Penal Liquidador)', 'Juzgado Especializado o Mixto', NULL),
(35, '2  Juzgado de Familia', 'Juzgado Especializado o Mixto', NULL),
(36, '3  Juzgado de Paz Letrado', 'Juzgado de Paz Letrado', NULL),
(37, 'Juzgado de Paz Letrado - ACORA', 'Juzgado de Paz Letrado', NULL),
(38, 'Juzgado Mixto (Ex 1)', 'Juzgado Especializado o Mixto', NULL),
(39, '1  Juzgado Mixto', 'Juzgado Especializado o Mixto', NULL),
(40, '1 Juzgado de Paz Letrado - JULI', 'Juzgado de Paz Letrado', NULL),
(41, 'Juzgado de Paz Letrado - DESAGUADERO', 'Juzgado de Paz Letrado', NULL),
(42, '3  Juzgado Civil', 'Juzgado Especializado o Mixto', NULL),
(43, 'Juzgado de Paz Letrado (Ex 1 JPL)', 'Juzgado de Paz Letrado', NULL),
(44, 'Gerencia de Administracion Distrital', 'Gerencia de Administraci on Distrital', NULL),
(45, 'Presidencia Corte Superior', 'Presidencia Corte Superior', NULL),
(46, '2  Juzgado Mixto', 'Juzgado Especializado o Mixto', NULL),
(47, '1  Juzgado Penal Unipersonal - Proc. Flagrancia', ' Omisi on Asist. Fam y Conduc. Estado Ebriedad', NULL),
(48, '4 Juzgado de la Investigacion Preparatoria', 'Juzgado Especializado o Mixto', NULL),
(49, '4 Juzgado de Paz Letrado', 'Juzgado de Paz Letrado', NULL),
(50, '3 Juzgado Civil (Ex Juzgado Civil)', 'Juzgado Especializado o Mixto', NULL),
(51, 'Administracion del MBJ - Azangaro', 'Oficina de Administraci on Distrital', NULL),
(52, '1  Juzgado Penal Unipersonal', 'Juzgado Especializado o Mixto', NULL),
(53, '2  Juzgado Penal Unipersonal - Proc. Flagrancia', ' Omision Asist. Fam y Conduc. Estado Ebriedad', NULL),
(54, 'Modulo Penal Central', 'Oficina de Administraci on Distrital', NULL),
(55, 'Modulo Penal', 'Oficina de Administraci on Distrital', NULL),
(56, '3  Juzgado Penal Unipersonal', 'Juzgado Especializado o Mixto', NULL),
(57, 'Juzgado de Paz Letrado - NUNOA', 'Juzgado de Paz Letrado', NULL);

-- --------------------------------------------------------

--
-- Estructura de tabla para la tabla `cop_plazas`
--

CREATE TABLE `cop_plazas` (
  `id` varchar(15) COLLATE utf8_spanish_ci NOT NULL,
  `sede` varchar(200) COLLATE utf8_spanish_ci DEFAULT NULL,
  `dependencia` varchar(200) COLLATE utf8_spanish_ci DEFAULT NULL,
  `rotulo` varchar(210) COLLATE utf8_spanish_ci DEFAULT NULL,
  `modalidad` varchar(20) COLLATE utf8_spanish_ci DEFAULT NULL
) ENGINE=InnoDB DEFAULT CHARSET=utf8 COLLATE=utf8_spanish_ci;

--
-- Volcado de datos para la tabla `cop_plazas`
--

INSERT INTO `cop_plazas` (`id`, `sede`, `dependencia`, `rotulo`, `modalidad`) VALUES
('10166', 'PUTINA', 'Juzgado de Paz Letrado', 'JUEZ DE PAZ LETRADO', '276'),
('10331', 'MACUSANI', 'Juzgado de Paz Letrado', 'JUEZ DE PAZ LETRADO', '276'),
('10402', 'LAMPA', 'Juzgado Mixto', 'SECRETARIO JUDICIAL I', '728'),
('10622', 'LAMPA', 'Juzgado de Paz Letrado', 'TECNICO JUDICIAL', '728'),
('10687', 'PUTINA', 'Juzgado de Paz Letrado', 'SECRETARIO JUDICIAL', '728'),
('10688', 'MACUSANI', 'Juzgado Mixto', 'SECRETARIO JUDICIAL', '728'),
('10998', 'MACUSANI', 'Juzgado de Paz Letrado', 'SECRETARIO JUDICIAL', '728'),
('10999', 'ILAVE', 'Juzgado Mixto', 'SECRETARIO JUDICIAL', '728'),
('11021', 'MOHO', 'Juzgado Mixto', 'SECRETARIO JUDICIAL', '728'),
('11321', 'MACUSANI', 'Juzgado de Paz Letrado', 'AUXILIAR JUDICIAL', '728'),
('17047', 'MOHO', 'Juzgado de Paz Letrado', 'JUEZ DE PAZ LETRADO', '728'),
('18356', 'YUNGUYO', 'Juzgado Mixto', 'ASISTENTE JUDICIAL', '728'),
('18367', 'SANDIA', 'Juzgado de Paz Letrado', 'ASISTENTE JUDICIAL', '728'),
('18371', 'MOHO', 'Juzgado de Paz Letrado', 'SECRETARIO JUDICIAL', '728'),
('18373', 'MOHO', 'Juzgado Mixto', 'ASISTENTE JUDICIAL', '728'),
('18375', 'MOHO', 'Juzgado de Paz Letrado', 'AUXILIAR JUDICIAL', '728'),
('18376', 'HUANCANE', 'Juzgado de Paz Letrado', 'AUXILIAR JUDICIAL', '728'),
('18395', 'SANDIA', 'Juzgado de Paz Letrado', 'SECRETARIO JUDICIAL', '728'),
('18398', 'PUTINA', 'Juzgado de Paz Letrado', 'ASISTENTE JUDICIAL', '728'),
('19660', 'LAMPA', 'Juzgado Mixto', 'SECRETARIO JUDICIAL', '728'),
('19669', 'JULIACA', '1 Juzgado de Paz Letrado', 'ASISTENTE JUDICIAL', '728'),
('19674', 'SANDIA', 'Juzgado Mixto', 'SECRETARIO JUDICIAL', '728'),
('19678', 'ILAVE', 'Juzgado Mixto', 'AUXILIAR JUDICIAL', '728'),
('19679', 'HUANCANE', 'Juzgado de Paz Letrado', 'AUXILIAR JUDICIAL', '728'),
('19686', 'AYAVIRI', '1 Juzgado de Paz Letrado', 'AUXILIAR JUDICIAL', '728'),
('20014', 'SANDIA', 'Juzgado de Paz Letrado', 'SECRETARIO JUDICIAL', '728'),
('20055', 'MACUSANI', 'Juzgado de Paz Letrado', 'ASISTENTE JUDICIAL', '728'),
('20075', 'AZANGARO', 'Juzgado de Paz Letrado', 'ASISTENTE JUDICIAL', '728'),
('20089', 'PUNO', '1 Juzgado de Paz Letrado', 'TECNICO JUDICIAL', '728'),
('20092', 'PUTINA', 'Juzgado Mixto', 'TECNICO JUDICIAL', '728'),
('20120', 'AYAVIRI', '1 Juzgado de Paz Letrado', 'ASISTENTE JUDICIAL', '728'),
('26309', 'JULIACA', '3 Juzgado de la Investigaci on Preparatoria - Proc. Flagrancia', 'JUEZ ESPECIALIZADO', '728'),
('26318', 'MACUSANI', 'Juzgado Mixto', 'JUEZ MIXTO', '728'),
('26321', 'ILAVE', 'Juzgado Mixto', 'JUEZ MIXTO', '728'),
('26326', 'LAMPA', 'Juzgado Mixto', 'JUEZ MIXTO', '728'),
('26327', 'AYAVIRI', 'Juzgado Mixto (Ex 1 Juzgado Mixto)', 'JUEZ MIXTO', '728'),
('26329', 'MOHO', 'Juzgado Mixto', 'JUEZ MIXTO', '728'),
('26330', 'PUTINA', 'Juzgado Mixto', 'JUEZ MIXTO', '728'),
('26331', 'SANDIA', 'Juzgado Mixto', 'JUEZ MIXTO', '728'),
('26333', 'YUNGUYO', 'Juzgado Mixto', 'JUEZ MIXTO', '728'),
('29307', 'SANDIA', 'Juzgado Mixto', 'AUXILIAR JUDICIAL', '728'),
('30090', 'AZANGARO', 'Juzgado de Paz Letrado', 'SECRETARIO JUDICIAL', '728'),
('32749', 'JULIACA', 'Juzgado Penal Colegiado Supraprovincial', 'JUEZ ESPECIALIZADO', '728'),
('32750', 'JULIACA', 'Juzgado Penal Colegiado Supraprovincial', 'JUEZ ESPECIALIZADO', '728'),
('32754', 'JULIACA', 'Juzgado Penal Colegiado Supraprovincial', 'JUEZ ESPECIALIZADO', '728'),
('34973', 'HUANCANE', 'Juzgado de Paz Letrado', 'SECRETARIO JUDICIAL', '728'),
('36576', 'SANDIA', 'Juzgado Mixto', 'SECRETARIO JUDICIAL', '728'),
('4794', 'PUNO', '1 Juzgado de Paz Letrado', 'JUEZ DE PAZ LETRADO', '728'),
('4851', 'AYAVIRI', '1 Juzgado de Paz Letrado', 'JUEZ DE PAZ LETRADO', '728'),
('4878', 'LAMPA', 'Juzgado de Paz Letrado', 'SECRETARIO JUDICIAL', '728'),
('5169', 'SANDIA', 'Juzgado de Paz Letrado', 'JUEZ DE PAZ LETRADO', '728'),
('5174', 'AZANGARO', 'Juzgado de Paz Letrado', 'JUEZ DE PAZ LETRADO', '728'),
('5262', 'JULIACA', '1 Juzgado de Paz Letrado', 'JUEZ DE PAZ LETRADO', '728'),
('5375', 'PUTINA', 'Juzgado Mixto', 'SECRETARIO JUDICIAL', '728'),
('5396', 'JULIACA', '1 Juzgado de Paz Letrado', 'SECRETARIO JUDICIAL', '728'),
('5721', 'AZANGARO', 'Juzgado de Paz Letrado', 'SECRETARIO JUDICIAL', '728'),
('5751', 'LAMPA', 'Juzgado de Paz Letrado', 'JUEZ DE PAZ LETRADO', '728'),
('5822', 'LAMPA', 'Juzgado Mixto', 'TECNICO JUDICIAL', '728'),
('5999', 'ILAVE', 'Juzgado Mixto', 'ASISTENTE JUDICIAL', '728'),
('6005', 'MACUSANI', 'Juzgado Mixto', 'SECRETARIO JUDICIAL', '728'),
('6345', 'PUNO', '1 Juzgado de Paz Letrado', 'SECRETARIO JUDICIAL', '728'),
('6548', 'JULIACA', '1 Juzgado de Paz Letrado', 'AUXILIAR JUDICIAL', '728'),
('6549', 'PUNO', '1 Juzgado de Paz Letrado', 'ASISTENTE JUDICIAL', '728'),
('6597', 'PUTINA', 'Juzgado de Paz Letrado', 'AUXILIAR JUDICIAL', '728'),
('6615', 'MACUSANI', 'Juzgado Mixto', 'AUXILIAR JUDICIAL', '728'),
('7021', 'YUNGUYO', 'Juzgado Mixto', 'SECRETARIO JUDICIAL', '728'),
('7072', 'ILAVE', 'Juzgado Mixto', 'ASISTENTE JUDICIAL', '728'),
('8716', 'AYAVIRI', '1 Juzgado de Paz Letrado', 'SECRETARIO JUDICIAL', '728'),
('8720', 'HUANCANE', 'Juzgado de Paz Letrado', 'SECRETARIO JUDICIAL', '728'),
('8730', 'AYAVIRI', 'Juzgado Mixto (Ex 1 Juzgado Mixto)', 'TECNICO JUDICIAL', '728'),
('8739', 'PUTINA', 'Juzgado Mixto', 'SECRETARIO JUDICIAL', '728'),
('8742', 'ILAVE', 'Juzgado Mixto', 'SECRETARIO JUDICIAL', '728'),
('8748', 'JULIACA', '1 Juzgado de Paz Letrado', 'SECRETARIO JUDICIAL', '728'),
('8861', 'PUNO', '1 Juzgado de Paz Letrado', 'SECRETARIO JUDICIAL', '728'),
('8866', 'AYAVIRI', 'Juzgado Mixto (Ex 1 Juzgado Mixto)', 'SECRETARIO JUDICIAL', '728'),
('8872', 'JULIACA', '1 Juzgado de Paz Letrado', 'TECNICO JUDICIAL', '728'),
('8875', 'PUNO', '1 Juzgado de Paz Letrado', 'TECNICO JUDICIAL', '728'),
('8933', 'YUNGUYO', 'Juzgado Mixto', 'TECNICO JUDICIAL', '728'),
('11323', 'PUNO', 'Oficina Desconcentrada de Control de la Magistratura', 'AUXILIAR JUDICIAL', '728'),
('20101', 'PUNO', 'Oficina Desconcentrada de Control de la Magistratura', 'SECRETARIO JUDICIAL', '728'),
('26266', 'PUNO', 'Oficina Desconcentrada de Control de la Magistratura', 'JUEZ SUPERIOR', '728'),
('26281', 'PUNO', '1  Juzgado de la Investigaci on Preparatoria - Proc. Flagrancia', 'JUEZ ESPECIALIZADO', '728'),
('26282', 'PUNO', '2  Juzgado de la Investigaci on Preparatoria', 'JUEZ ESPECIALIZADO', '728'),
('26307', 'JULIACA', '1  Juzgado de la Investigaci on Preparatoria', 'JUEZ ESPECIALIZADO', '728'),
('26308', 'JULIACA', '2  Juzgado de la Investigaci on Preparatoria', 'JUEZ ESPECIALIZADO', '728'),
('26317', 'AZANGARO', 'Juzgado de la Investigaci on Preparatoria', 'JUEZ ESPECIALIZADO', '728'),
('26322', 'ILAVE', 'Juzgado de la Investigaci on Preparatoria', 'JUEZ ESPECIALIZADO', '728'),
('26325', 'HUANCANE', 'Juzgado de la Investigaci on Preparatoria', 'JUEZ ESPECIALIZADO', '728'),
('6552', 'PUNO', 'Oficina Desconcentrada de Control de la Magistratura', 'ASISTENTE JUDICIAL', '728'),
('19659', 'CHUPA', 'Juzgado de Paz Letrado - CHUPA', 'JUEZ DE PAZ LETRADO', '728'),
('19661', 'CHUPA', 'Juzgado de Paz Letrado - CHUPA', 'SECRETARIO JUDICIAL', '728'),
('19665', 'CHUPA', 'Juzgado de Paz Letrado - CHUPA', 'AUXILIAR JUDICIAL', '728'),
('19666', 'SAN ANTON', 'Juzgado de Paz Letrado - SAN ANTON', 'JUEZ DE PAZ LETRADO', '728'),
('19667', 'SAN ANTON', 'Juzgado de Paz Letrado - SAN ANTON', 'SECRETARIO JUDICIAL', '728'),
('19671', 'SAN ANTON', 'Juzgado de Paz Letrado - SAN ANTON', 'AUXILIAR JUDICIAL', '728'),
('19673', 'ANANEA', 'Juzgado de Paz Letrado - ANANEA', 'JUEZ DE PAZ LETRADO', '728'),
('19675', 'ANANEA', 'Juzgado de Paz Letrado - ANANEA', 'SECRETARIO JUDICIAL', '728'),
('19676', 'ANANEA', 'Juzgado de Paz Letrado - ANANEA', 'ASISTENTE JUDICIAL', '728'),
('19680', 'SANTA ROSA', 'Juzgado de Paz Letrado - SANTA ROSA', 'JUEZ DE PAZ LETRADO', '728'),
('19681', 'SANTA ROSA', 'Juzgado de Paz Letrado - SANTA ROSA', 'SECRETARIO JUDICIAL', '728'),
('19684', 'SANTA ROSA', 'Juzgado de Paz Letrado - SANTA ROSA', 'ASISTENTE JUDICIAL', '728'),
('30381', 'HUANCANE', 'SALA MIXTA DESCENTRALIZADA', 'RELATOR', '728'),
('30382', 'HUANCANE', 'SALA MIXTA DESCENTRALIZADA', 'SECRETARIO DE SALA', '728'),
('30383', 'HUANCANE', 'SALA MIXTA DESCENTRALIZADA', 'SECRETARIO JUDICIAL', '728'),
('30384', 'HUANCANE', 'SALA MIXTA DESCENTRALIZADA', 'SECRETARIO JUDICIAL', '728'),
('30385', 'HUANCANE', 'SALA MIXTA DESCENTRALIZADA', 'SECRETARIO JUDICIAL', '728'),
('30386', 'HUANCANE', 'SALA MIXTA DESCENTRALIZADA', 'SECRETARIO JUDICIAL', '728'),
('30387', 'HUANCANE', 'SALA MIXTA DESCENTRALIZADA', 'SECRETARIO JUDICIAL', '728'),
('30388', 'HUANCANE', 'SALA MIXTA DESCENTRALIZADA', 'SECRETARIO JUDICIAL', '728'),
('30389', 'HUANCANE', 'SALA MIXTA DESCENTRALIZADA', 'TECNICO JUDICIAL', '728'),
('30390', 'HUANCANE', 'SALA MIXTA DESCENTRALIZADA', 'TECNICO JUDICIAL', '728'),
('30391', 'HUANCANE', 'SALA MIXTA DESCENTRALIZADA', 'AUXILIAR JUDICIAL', '728'),
('32071', 'PUNO', 'SALA PENAL DE APELACIONES', 'ASISTENTE JUDICIAL', '728'),
('33656', 'HUANCANE', 'SALA MIXTA DESCENTRALIZADA', 'JUEZ SUPERIOR', '728'),
('33657', 'HUANCANE', 'SALA MIXTA DESCENTRALIZADA', 'JUEZ SUPERIOR', '728'),
('33658', 'HUANCANE', 'SALA MIXTA DESCENTRALIZADA', 'JUEZ SUPERIOR', '728'),
('34310', 'AZANGARO', 'Juzgado Penal Unipersonal', 'JUEZ ESPECIALIZADO', '728'),
('34314', 'AZANGARO', 'Juzgado Penal Unipersonal', 'SECRETARIO JUDICIAL', '728'),
('34315', 'AZANGARO', 'Juzgado Penal Unipersonal', 'ASISTENTE JUDICIAL', '728'),
('34316', 'AZANGARO', 'Juzgado Penal Unipersonal', 'ASISTENTE JUDICIAL', '728'),
('36292', 'AZANGARO', 'SALA MIXTA DESCENTRALIZADA', 'JUEZ SUPERIOR', '728'),
('36293', 'AZANGARO', 'SALA MIXTA DESCENTRALIZADA', 'JUEZ SUPERIOR', '728'),
('36294', 'AZANGARO', 'SALA MIXTA DESCENTRALIZADA', 'JUEZ SUPERIOR', '728'),
('36295', 'AZANGARO', 'SALA MIXTA DESCENTRALIZADA', 'ASISTENTE JUDICIAL', '728'),
('36296', 'AZANGARO', 'SALA MIXTA DESCENTRALIZADA', 'SECRETARIO DE SALA', '728'),
('36297', 'AZANGARO', 'SALA MIXTA DESCENTRALIZADA', 'RELATOR', '728'),
('36298', 'AZANGARO', 'SALA MIXTA DESCENTRALIZADA', 'SECRETARIO JUDICIAL', '728'),
('36299', 'AZANGARO', 'SALA MIXTA DESCENTRALIZADA', 'SECRETARIO JUDICIAL', '728'),
('36300', 'AZANGARO', 'SALA MIXTA DESCENTRALIZADA', 'ASISTENTE JUDICIAL', '728'),
('36301', 'AZANGARO', 'SALA MIXTA DESCENTRALIZADA', 'SECRETARIO JUDICIAL', '728'),
('36302', 'AZANGARO', 'SALA MIXTA DESCENTRALIZADA', 'ASISTENTE JUDICIAL', '728'),
('36303', 'AZANGARO', 'SALA MIXTA DESCENTRALIZADA', 'SECRETARIO JUDICIAL', '728'),
('36304', 'AZANGARO', 'SALA MIXTA DESCENTRALIZADA', 'SECRETARIO JUDICIAL', '728'),
('6309', 'PUNO', 'Oficina Desconcentrada de Control de la Magistratura', 'TECNICO JUDICIAL', '728'),
('10032', 'PUNO', 'Unidad de Planeamiento y Desarrollo', 'ASISTENTE ADMINISTRATIVO II', '728'),
('10844', 'PUNO', 'Unidad Administrativa y de Finanzas', 'ASISTENTE ADMINISTRATIVO II', '728'),
('16330', 'PUNO', 'Unidad Administrativa y de Finanzas', 'REVISOR', '728'),
('20044', 'PUNO', 'Unidad Administrativa y de Finanzas', 'ASISTENTE ADMINISTRATIVO I', '728'),
('26267', 'PUNO', 'Unidad Administrativa y de Finanzas', 'CAJERO I', '728'),
('26272', 'PUNO', 'SALA PENAL DE APELACIONES', 'JUEZ SUPERIOR', '728'),
('26273', 'PUNO', 'SALA PENAL DE APELACIONES', 'JUEZ SUPERIOR', '728'),
('26274', 'PUNO', 'SALA PENAL DE APELACIONES', 'JUEZ SUPERIOR', '728'),
('27093', 'PUNO', 'Organo de Imagen Institucional', 'AUXILIAR JUDICIAL I', '728'),
('27518', 'JULIACA', 'SALA PENAL DE APELACIONES', 'JUEZ SUPERIOR', '728'),
('27520', 'JULIACA', 'SALA PENAL DE APELACIONES', 'JUEZ SUPERIOR', '728'),
('27521', 'JULIACA', 'SALA PENAL DE APELACIONES', 'JUEZ SUPERIOR', '728'),
('29043', 'PUNO', 'Unidad Administrativa y de Finanzas', 'COORDINADOR I', '728'),
('29044', 'PUNO', 'Unidad Administrativa y de Finanzas', 'COORDINADOR I', '728'),
('29045', 'PUNO', 'Unidad Administrativa y de Finanzas', 'COORDINADOR I', '728'),
('29046', 'PUNO', 'Unidad Administrativa y de Finanzas', 'COORDINADOR I', '728'),
('29047', 'PUNO', 'Unidad Administrativa y de Finanzas', 'COORDINADOR I', '728'),
('29048', 'PUNO', 'Unidad Administrativa y de Finanzas', 'COORDINADOR I', '728'),
('29049', 'PUNO', 'Unidad Administrativa y de Finanzas', 'COORDINADOR I', '728'),
('29050', 'PUNO', 'Unidad de Planeamiento y Desarrollo', 'COORDINADOR I', '728'),
('29051', 'PUNO', 'Unidad de Planeamiento y Desarrollo', 'COORDINADOR I', '728'),
('29053', 'PUNO', 'Unidad Administrativa y de Finanzas', 'JEFE DE UNIDAD', '728'),
('32069', 'PUNO', 'SALA PENAL DE APELACIONES', 'SECRETARIO JUDICIAL', '728'),
('32070', 'PUNO', 'SALA PENAL DE APELACIONES', 'SECRETARIO JUDICIAL', '728'),
('34544', 'JULIACA', '1  Juzgado Civil', 'JUEZ ESPECIALIZADO', '728'),
('34545', 'JULIACA', '1  Juzgado Civil', 'AUXILIAR JUDICIAL', '728'),
('34546', 'JULIACA', '1  Juzgado Civil', 'SECRETARIO JUDICIAL', '728'),
('34547', 'JULIACA', '1  Juzgado Civil', 'SECRETARIO JUDICIAL', '728'),
('34548', 'JULIACA', '1  Juzgado Civil', 'AUXILIAR ADMINISTRATIVO II', '728'),
('34549', 'JULIACA', '1  Juzgado Civil', 'TECNICO JUDICIAL', '728'),
('34550', 'JULIACA', '1  Juzgado Civil', 'SECRETARIO JUDICIAL', '728'),
('34551', 'JULIACA', '2  Juzgado Civil', 'JUEZ ESPECIALIZADO', '728'),
('34552', 'JULIACA', '2  Juzgado Civil', 'ASISTENTE JUDICIAL', '728'),
('34553', 'JULIACA', '2  Juzgado Civil', 'SECRETARIO JUDICIAL', '728'),
('34554', 'JULIACA', '2  Juzgado Civil', 'SECRETARIO JUDICIAL', '728'),
('34555', 'JULIACA', '2  Juzgado Civil', 'AUXILIAR JUDICIAL', '728'),
('34556', 'JULIACA', '2  Juzgado Civil', 'AUXILIAR JUDICIAL', '728'),
('34557', 'JULIACA', '2  Juzgado Civil', 'SECRETARIO JUDICIAL', '728'),
('34558', 'PUNO', '1  Juzgado Civil', 'JUEZ ESPECIALIZADO', '728'),
('34559', 'PUNO', '1  Juzgado Civil', 'SECRETARIO JUDICIAL', '728'),
('34560', 'PUNO', '1  Juzgado Civil', 'SECRETARIO JUDICIAL', '728'),
('34561', 'PUNO', '1  Juzgado Civil', 'ASISTENTE JUDICIAL', '728'),
('34562', 'PUNO', '1  Juzgado Civil', 'AUXILIAR JUDICIAL', '728'),
('34563', 'PUNO', '1  Juzgado Civil', 'ASISTENTE JUDICIAL', '728'),
('34564', 'PUNO', '1  Juzgado Civil', 'SECRETARIO JUDICIAL', '728'),
('34565', 'PUNO', '2  Juzgado Civil', 'JUEZ ESPECIALIZADO', '728'),
('34566', 'PUNO', '2  Juzgado Civil', 'SECRETARIO JUDICIAL', '728'),
('34567', 'PUNO', '2  Juzgado Civil', 'TECNICO JUDICIAL', '728'),
('34568', 'PUNO', '2  Juzgado Civil', 'ASISTENTE JUDICIAL', '728'),
('34569', 'PUNO', '2  Juzgado Civil', 'SECRETARIO JUDICIAL', '728'),
('34570', 'PUNO', '2  Juzgado Civil', 'SECRETARIO JUDICIAL', '728'),
('34571', 'PUNO', '2  Juzgado Civil', 'TECNICO JUDICIAL', '728'),
('35275', 'ASILLO', 'Juzgado de Paz Letrado - ASILLO', 'ASISTENTE JUDICIAL', '728'),
('35276', 'ASILLO', 'Juzgado de Paz Letrado - ASILLO', 'SECRETARIO JUDICIAL', '728'),
('35277', 'ASILLO', 'Juzgado de Paz Letrado - ASILLO', 'JUEZ DE PAZ LETRADO', '728'),
('5028', 'PUNO', 'Organo de Imagen Institucional', 'ASISTENTE ADMINISTRATIVO I', '728'),
('5441', 'PUNO', 'Oficina Distrital de Apoyo a la Justicia de Paz', 'ASISTENTE ADMINISTRATIVO I', '728'),
('6746', 'PUNO', 'Unidad Administrativa y de Finanzas', 'AUXILIAR ADMINISTRATIVO I', '728'),
('8189', 'PUNO', 'Unidad Administrativa y de Finanzas', 'CHOFER I', '728'),
('8227', 'PUNO', 'Unidad Administrativa y de Finanzas', 'CHOFER I', '728'),
('8710', 'PUNO', 'Unidad Administrativa y de Finanzas', 'ASISTENTE ADMINISTRATIVO II', '728'),
('8721', 'PUNO', 'Unidad Administrativa y de Finanzas', 'TECNICO ADMINISTRATIVO I', '728'),
('9980', 'PUNO', 'Unidad Administrativa y de Finanzas', 'ASISTENTE ADMINISTRATIVO II', '728'),
('10352', 'PUNO', 'Unidad de Servicios Judiciales', 'ASISTENTE JUDICIAL', '728'),
('10546', 'PUNO', 'Unidad de Servicios Judiciales', 'ASISTENTE JUDICIAL', '728'),
('10691', 'PUNO', 'Unidad de Servicios Judiciales', 'ASISTENTE SOCIAL', '728'),
('10827', 'PUNO', 'Unidad de Servicios Judiciales', 'TECNICO JUDICIAL', '728'),
('10841', 'PUNO', 'Unidad de Servicios Judiciales', 'TECNICO JUDICIAL', '728'),
('10928', 'PUNO', 'Unidad de Servicios Judiciales', 'TECNICO JUDICIAL', '728'),
('11001', 'PUNO', 'Unidad de Servicios Judiciales', 'TECNICO JUDICIAL', '728'),
('16329', 'PUNO', 'Unidad de Servicios Judiciales', 'PSICOLOGO', '728'),
('18399', 'PUNO', 'Unidad de Servicios Judiciales', 'ASISTENTE JUDICIAL', '728'),
('20084', 'PUNO', 'Unidad de Servicios Judiciales', 'TECNICO JUDICIAL', '728'),
('20140', 'PUNO', 'Unidad de Servicios Judiciales', 'AUXILIAR ADMINISTRATIVO I', '728'),
('20144', 'PUNO', 'Unidad de Servicios Judiciales', 'AUXILIAR JUDICIAL', '728'),
('26268', 'PUNO', 'Unidad de Servicios Judiciales', 'AUXILIAR JUDICIAL III', '728'),
('26290', 'PUNO', 'Unidad de Servicios Judiciales', 'AUXILIAR JUDICIAL III', '728'),
('29052', 'PUNO', 'Unidad de Servicios Judiciales', 'COORDINADOR I', '728'),
('29054', 'PUNO', 'Unidad de Planeamiento y Desarrollo', 'JEFE DE UNIDAD', '728'),
('29055', 'PUNO', 'Unidad de Servicios Judiciales', 'JEFE DE UNIDAD', '728'),
('29809', 'JULIACA', '2  Juzgado Penal Unipersonal', 'JUEZ ESPECIALIZADO', '728'),
('35215', 'JULIACA', '3  Juzgado Penal Unipersonal - Proc. Flagrancia', 'JUEZ ESPECIALIZADO', '728'),
('35232', 'JULIACA', '5 Juzgado de la Investigaci on Preparatoria especializado en delitos aduanero', 'JUEZ ESPECIALIZADO', '728'),
('36689', 'PUNO', 'Unidad de Servicios Judiciales', 'ANALISTA II', '728'),
('36690', 'PUNO', 'Unidad de Servicios Judiciales', 'ASISTENTE ADMINISTRATIVO II', '728'),
('36691', 'PUNO', 'Unidad de Servicios Judiciales', 'ASISTENTE SOCIAL', '728'),
('36692', 'PUNO', 'Unidad de Servicios Judiciales', 'PSICOLOGO', '728'),
('36693', 'PUNO', 'Unidad de Servicios Judiciales', 'AUXILIAR ADMINISTRATIVO I', '728'),
('5425', 'PUNO', 'Unidad de Servicios Judiciales', 'ASISTENTE JUDICIAL', '728'),
('6187', 'PUNO', 'Unidad de Servicios Judiciales', 'TECNICO ADMINISTRATIVO II', '728'),
('6747', 'PUNO', 'Unidad de Servicios Judiciales', 'AUXILIAR JUDICIAL', '728'),
('7330', 'PUNO', 'Unidad de Servicios Judiciales', 'AUXILIAR JUDICIAL', '728'),
('7740', 'PUNO', 'Unidad de Servicios Judiciales', 'ASISTENTE ADMINISTRATIVO I', '728'),
('7742', 'PUNO', 'Unidad de Servicios Judiciales', 'TECNICO JUDICIAL', '728'),
('8098', 'PUNO', 'Unidad de Servicios Judiciales', 'ASISTENTE ADMINISTRATIVO I', '728'),
('8228', 'PUNO', 'Unidad de Servicios Judiciales', 'ASISTENTE SOCIAL', '728'),
('8724', 'PUNO', 'Unidad de Servicios Judiciales', 'TECNICO JUDICIAL', '728'),
('8731', 'PUNO', 'Unidad de Servicios Judiciales', 'TECNICO JUDICIAL', '728'),
('8734', 'PUNO', 'Unidad de Servicios Judiciales', 'TECNICO JUDICIAL', '728'),
('8745', 'PUNO', 'Unidad de Servicios Judiciales', 'ASISTENTE ADMINISTRATIVO I', '728'),
('8749', 'PUNO', 'Unidad de Servicios Judiciales', 'ASISTENTE ADMINISTRATIVO II', '728'),
('8896', 'PUNO', 'Unidad de Servicios Judiciales', 'SECRETARIO JUDICIAL', '728'),
('8925', 'PUNO', 'Unidad de Servicios Judiciales', 'TECNICO JUDICIAL', '728'),
('8932', 'PUNO', 'Unidad de Servicios Judiciales', 'ASISTENTE SOCIAL', '728'),
('9329', 'PUNO', 'Unidad de Servicios Judiciales', 'ASISTENTE SOCIAL', '728'),
('9575', 'PUNO', 'Unidad de Servicios Judiciales', 'TECNICO JUDICIAL', '728'),
('9952', 'PUNO', 'Unidad de Servicios Judiciales', 'TECNICO JUDICIAL', '728'),
('10686', 'PUNO', '2  Juzgado de Familia', 'SECRETARIO JUDICIAL', '728'),
('11319', 'JULIACA', '2  Juzgado de Paz Letrado', 'SECRETARIO JUDICIAL', '728'),
('11320', 'ILAVE', '2  Juzgado de Paz Letrado', 'ASISTENTE JUDICIAL', '728'),
('18372', 'HUANCANE', 'Juzgado Mixto (en adici on de funciones como Juzgado Penal Unipersonal y Juzgado Penal Liquidador)', 'SECRETARIO JUDICIAL', '728'),
('18374', 'HUANCANE', 'Juzgado Mixto (en adici on de funciones como Juzgado Penal Unipersonal y Juzgado Penal Liquidador)', 'ASISTENTE JUDICIAL', '728'),
('19663', 'ILAVE', '2  Juzgado de Paz Letrado', 'ASISTENTE JUDICIAL', '728'),
('19664', 'HUANCANE', 'Juzgado Mixto (en adici on de funciones como Juzgado Penal Unipersonal y Juzgado Penal Liquidador)', 'AUXILIAR JUDICIAL', '728'),
('19670', 'HUANCANE', 'Juzgado Mixto (en adici on de funciones como Juzgado Penal Unipersonal y Juzgado Penal Liquidador)', 'ASISTENTE JUDICIAL', '728'),
('19672', 'JULIACA', '2  Juzgado de Paz Letrado', 'AUXILIAR JUDICIAL', '728'),
('19693', 'PUNO', '2  Juzgado de Paz Letrado', 'AUXILIAR JUDICIAL', '728'),
('20119', 'PUNO', '1  Juzgado de Familia', 'SECRETARIO JUDICIAL', '728'),
('20122', 'JULIACA', 'SALA CIVIL', 'ASISTENTE JUDICIAL', '728'),
('20124', 'JULIACA', '1  Juzgado de Familia', 'ASISTENTE JUDICIAL', '728'),
('23748', 'JULIACA', 'SALA CIVIL', 'SECRETARIO JUDICIAL II - CJ', '728'),
('26269', 'PUNO', 'SALA CIVIL', 'JUEZ SUPERIOR', '728'),
('26270', 'PUNO', 'SALA CIVIL', 'JUEZ SUPERIOR', '728'),
('26271', 'PUNO', 'SALA CIVIL', 'JUEZ SUPERIOR', '728'),
('26286', 'PUNO', '1  Juzgado de Familia', 'JUEZ ESPECIALIZADO', '728'),
('26287', 'PUNO', '1  Juzgado de Familia', 'SECRETARIO JUDICIAL', '728'),
('26288', 'PUNO', '2  Juzgado de Familia', 'JUEZ ESPECIALIZADO', '728'),
('26291', 'JULIACA', 'SALA CIVIL', 'JUEZ SUPERIOR', '728'),
('26292', 'JULIACA', 'SALA CIVIL', 'JUEZ SUPERIOR', '728'),
('26293', 'JULIACA', 'SALA CIVIL', 'JUEZ SUPERIOR', '728'),
('26313', 'JULIACA', '1  Juzgado de Familia', 'JUEZ ESPECIALIZADO', '728'),
('26314', 'JULIACA', '2  Juzgado de Familia', 'JUEZ ESPECIALIZADO', '728'),
('26324', 'HUANCANE', 'Juzgado Mixto (en adici on de funciones como Juzgado Penal Unipersonal y Juzgado Penal Liquidador)', 'JUEZ MIXTO', '728'),
('35214', 'PUNO', '3  Juzgado de la Investigaci on Preparatoria - Proc. Flagrancia', 'JUEZ ESPECIALIZADO', '728'),
('5167', 'PUNO', 'SALA CIVIL', 'SECRETARIO DE SALA', '728'),
('5170', 'PUNO', '2  Juzgado de Paz Letrado', 'JUEZ DE PAZ LETRADO', '728'),
('5237', 'JULIACA', 'SALA CIVIL', 'RELATOR', '728'),
('5268', 'PUNO', 'SALA CIVIL', 'RELATOR', '728'),
('5391', 'JULIACA', 'SALA CIVIL', 'ASISTENTE JUDICIAL', '728'),
('5547', 'PUNO', '2  Juzgado de Paz Letrado', 'SECRETARIO JUDICIAL', '728'),
('5670', 'JULIACA', '2  Juzgado de Familia', 'ASISTENTE JUDICIAL', '728'),
('5880', 'JULIACA', 'SALA CIVIL', 'SECRETARIO JUDICIAL', '728'),
('6028', 'PUNO', '2  Juzgado de Familia', 'TECNICO ADMINISTRATIVO I', '728'),
('6062', 'JULIACA', '2  Juzgado de Paz Letrado', 'SECRETARIO JUDICIAL', '728'),
('6343', 'JULIACA', '2  Juzgado de Paz Letrado', 'AUXILIAR ADMINISTRATIVO I', '728'),
('6344', 'JULIACA', '2  Juzgado de Paz Letrado', 'ASISTENTE JUDICIAL', '728'),
('6467', 'PUNO', '1  Juzgado de Familia', 'AUXILIAR JUDICIAL', '728'),
('6616', 'PUNO', '2  Juzgado de Paz Letrado', 'ASISTENTE JUDICIAL', '728'),
('7020', 'PUNO', 'SALA CIVIL', 'ASISTENTE JUDICIAL', '728'),
('7069', 'HUANCANE', 'Juzgado Mixto (en adici on de funciones como Juzgado Penal Unipersonal y Juzgado Penal Liquidador)', 'SECRETARIO JUDICIAL', '728'),
('7082', 'JULIACA', '2  Juzgado de Familia', 'AUXILIAR ADMINISTRATIVO II', '728'),
('7224', 'PUNO', 'SALA CIVIL', 'AUXILIAR ADMINISTRATIVO I', '728'),
('7322', 'ILAVE', '2  Juzgado de Paz Letrado', 'SECRETARIO JUDICIAL', '728'),
('7743', 'JULIACA', '1  Juzgado de Familia', 'TECNICO JUDICIAL', '728'),
('7780', 'JULIACA', '2  Juzgado de Paz Letrado', 'JUEZ DE PAZ LETRADO', '728'),
('8097', 'ILAVE', '2  Juzgado de Paz Letrado', 'JUEZ DE PAZ LETRADO', '728'),
('8181', 'JULIACA', '2  Juzgado de Familia', 'SECRETARIO JUDICIAL', '728'),
('8711', 'PUNO', 'SALA CIVIL', 'TECNICO JUDICIAL', '728'),
('8723', 'PUNO', '2  Juzgado de Familia', 'SECRETARIO JUDICIAL', '728'),
('8737', 'PUNO', '1  Juzgado de Familia', 'TECNICO JUDICIAL', '728'),
('8741', 'PUNO', 'SALA CIVIL', 'SECRETARIO JUDICIAL', '728'),
('8750', 'JULIACA', '1  Juzgado de Familia', 'SECRETARIO JUDICIAL', '728'),
('8751', 'JULIACA', '1  Juzgado de Familia', 'SECRETARIO JUDICIAL', '728'),
('8860', 'JULIACA', 'SALA CIVIL', 'TECNICO JUDICIAL', '728'),
('8869', 'PUNO', '2  Juzgado de Paz Letrado', 'SECRETARIO JUDICIAL', '728'),
('8873', 'JULIACA', 'SALA CIVIL', 'SECRETARIO JUDICIAL', '728'),
('8877', 'PUNO', '2  Juzgado de Paz Letrado', 'ASISTENTE JUDICIAL', '728'),
('8927', 'JULIACA', '2  Juzgado de Familia', 'SECRETARIO JUDICIAL', '728'),
('9576', 'PUNO', 'SALA CIVIL', 'SECRETARIO JUDICIAL', '728'),
('10340', 'PUNO', '3  Juzgado de Paz Letrado', 'JUEZ DE PAZ LETRADO', '728'),
('10403', 'JULI', '1 Juzgado de Paz Letrado - JULI', 'SECRETARIO JUDICIAL', '728'),
('11085', 'PUNO', '2  Juzgado de Familia', 'TECNICO JUDICIAL', '728'),
('18366', 'JULI', '1  Juzgado Mixto', 'ASISTENTE JUDICIAL', '728'),
('19682', 'AZANGARO', 'Juzgado Mixto (Ex 1)', 'SECRETARIO JUDICIAL', '728'),
('19683', 'PUNO', '3  Juzgado de Paz Letrado', 'ASISTENTE JUDICIAL', '728'),
('19692', 'ACORA', 'Juzgado de Paz Letrado - ACORA', 'AUXILIAR JUDICIAL', '728'),
('20023', 'PUNO', '3  Juzgado de Paz Letrado', 'TECNICO JUDICIAL', '728'),
('20050', 'YUNGUYO', 'Juzgado de Paz Letrado (Ex 1 JPL)', 'ASISTENTE JUDICIAL', '728'),
('20086', 'JULIACA', '3  Juzgado de Paz Letrado', 'ASISTENTE JUDICIAL', '728'),
('20130', 'DESAGUADERO', 'Juzgado de Paz Letrado - DESAGUADERO', 'AUXILIAR ADMINISTRATIVO II', '728'),
('20996', 'JULI', '1 Juzgado de Paz Letrado - JULI', 'ASISTENTE JUDICIAL', '728'),
('26289', 'ACORA', 'Juzgado de Paz Letrado - ACORA', 'SECRETARIO JUDICIAL', '728'),
('26316', 'AZANGARO', 'Juzgado Mixto (Ex 1)', 'JUEZ MIXTO', '728'),
('26319', 'JULI', '1  Juzgado Mixto', 'JUEZ MIXTO', '728'),
('30091', 'JULIACA', '3  Juzgado de Paz Letrado', 'ASISTENTE JUDICIAL', '728'),
('35737', 'JULIACA', '3  Juzgado Civil', 'JUEZ ESPECIALIZADO', '728'),
('35738', 'JULIACA', '3  Juzgado Civil', 'SECRETARIO JUDICIAL', '728'),
('35739', 'JULIACA', '3  Juzgado Civil', 'TECNICO JUDICIAL', '728'),
('35740', 'JULIACA', '3  Juzgado Civil', 'AUXILIAR JUDICIAL', '728'),
('4991', 'JULI', '1  Juzgado Mixto', 'SECRETARIO JUDICIAL', '728'),
('4992', 'JULIACA', '3  Juzgado de Paz Letrado', 'SECRETARIO JUDICIAL', '728'),
('5159', 'DESAGUADERO', 'Juzgado de Paz Letrado - DESAGUADERO', 'JUEZ DE PAZ LETRADO', '728'),
('5161', 'AZANGARO', 'Juzgado Mixto (Ex 1)', 'ASISTENTE JUDICIAL', '728'),
('5206', 'ACORA', 'Juzgado de Paz Letrado - ACORA', 'JUEZ DE PAZ LETRADO', '728'),
('5214', 'JULIACA', '3  Juzgado de Paz Letrado', 'JUEZ DE PAZ LETRADO', '728'),
('5234', 'JULI', '1 Juzgado de Paz Letrado - JULI', 'JUEZ DE PAZ LETRADO', '728'),
('5886', 'AZANGARO', 'Juzgado Mixto (Ex 1)', 'SECRETARIO JUDICIAL', '728'),
('5940', 'AZANGARO', 'Juzgado Mixto (Ex 1)', 'AUXILIAR JUDICIAL', '728'),
('5952', 'JULIACA', '2  Juzgado de Familia', 'TECNICO JUDICIAL', '728'),
('6073', 'JULIACA', '3  Juzgado de Paz Letrado', 'SECRETARIO JUDICIAL', '728'),
('7071', 'JULI', '1  Juzgado Mixto', 'AUXILIAR ADMINISTRATIVO I', '728'),
('7225', 'JULIACA', '3  Juzgado de Paz Letrado', 'AUXILIAR ADMINISTRATIVO II', '728'),
('7252', 'PUNO', '3  Juzgado de Paz Letrado', 'AUXILIAR JUDICIAL', '728'),
('7996', 'PUNO', '3  Juzgado de Paz Letrado', 'SECRETARIO JUDICIAL', '728'),
('8191', 'PUNO', '2  Juzgado de Familia', 'TECNICO JUDICIAL', '728'),
('8735', 'DESAGUADERO', 'Juzgado de Paz Letrado - DESAGUADERO', 'SECRETARIO JUDICIAL', '728'),
('8746', 'PUNO', '3  Juzgado de Paz Letrado', 'SECRETARIO JUDICIAL', '728'),
('9597', 'JULIACA', '3  Juzgado de Paz Letrado', 'TECNICO JUDICIAL', '728'),
('9608', 'AZANGARO', 'Juzgado Mixto (Ex 1)', 'TECNICO JUDICIAL', '728'),
('10693', 'PUNO', 'Gerencia de Administracion Distrital', 'TECNICO JUDICIAL', '728'),
('19668', 'YUNGUYO', 'Juzgado de Paz Letrado (Ex 1 JPL)', 'SECRETARIO JUDICIAL', '728'),
('19677', 'PUNO', 'Gerencia de Administracion Distrital', 'ASISTENTE JUDICIAL', '728'),
('20051', 'PUNO', 'Gerencia de Administracion Distrital', 'ASISTENTE ADMINISTRATIVO II', '728'),
('20126', 'PUNO', 'Gerencia de Administracion Distrital', 'TECNICO JUDICIAL', '728'),
('20152', 'DESAGUADERO', '2  Juzgado Mixto', 'AUXILIAR JUDICIAL', '728'),
('26265', 'PUNO', 'Presidencia Corte Superior', 'PRESIDENTE DE CORTE', '728'),
('26306', 'JULIACA', '1  Juzgado Penal Unipersonal - Proc. Flagrancia', 'JUEZ ESPECIALIZADO', '728'),
('26310', 'JULIACA', '4 Juzgado de la Investigacion Preparatoria', 'JUEZ ESPECIALIZADO', '728'),
('26320', 'DESAGUADERO', '2  Juzgado Mixto', 'JUEZ MIXTO', '728'),
('29342', 'PUNO', 'Gerencia de Administracion Distrital', 'GERENTE_UE', '728'),
('36566', 'PUNO', '4 Juzgado de Paz Letrado', 'ASISTENTE JUDICIAL', '728'),
('36567', 'PUNO', '4 Juzgado de Paz Letrado', 'SECRETARIO JUDICIAL', '728'),
('36568', 'PUNO', '4 Juzgado de Paz Letrado', 'JUEZ DE PAZ LETRADO', '728'),
('5308', 'PUNO', 'Presidencia Corte Superior', 'ASISTENTE ADMINISTRATIVO II', '728'),
('5668', 'PUNO', 'Gerencia de Administracion Distrital', 'SECRETARIA I', '728'),
('5879', 'PUNO', 'Gerencia de Administracion Distrital', 'TECNICO ADMINISTRATIVO II', '728'),
('6111', 'PUNO', 'Gerencia de Administracion Distrital', 'ASISTENTE JUDICIAL', '728'),
('6281', 'PUNO', 'Gerencia de Administracion Distrital', 'TECNICO ADMINISTRATIVO I', '728'),
('6322', 'DESAGUADERO', '2  Juzgado Mixto', 'SECRETARIO JUDICIAL', '728'),
('6959', 'PUNO', 'Gerencia de Administracion Distrital', 'AUXILIAR JUDICIAL', '728'),
('7323', 'PUNO', 'Presidencia Corte Superior', 'TECNICO ADMINISTRATIVO II', '728'),
('7611', 'YUNGUYO', 'Juzgado de Paz Letrado (Ex 1 JPL)', 'JUEZ DE PAZ LETRADO', '728'),
('7741', 'PUNO', 'Presidencia Corte Superior', 'ASESOR DE CORTE', '728'),
('8113', 'PUNO', 'Presidencia Corte Superior', 'SECRETARIA III', '728'),
('8874', 'PUNO', 'Gerencia de Administracion Distrital', 'TECNICO JUDICIAL', '728'),
('10692', 'AZANGARO', 'Administracion del MBJ - Azangaro', 'ASISTENTE ADMINISTRATIVO II', '728'),
('11283', 'PUNO', '3 Juzgado Civil (Ex Juzgado Civil)', 'ASISTENTE JUDICIAL', '728'),
('18310', 'PUNO', 'Modulo Penal Central', 'ASISTENTE DE ATENCION AL PUBLICO', '728'),
('18311', 'PUNO', 'Modulo Penal Central', 'ASISTENTE DE ATENCION AL PUBLICO', '728'),
('18312', 'PUNO', 'Modulo Penal Central', 'ASISTENTE DE ATENCION AL PUBLICO', '728'),
('18315', 'PUNO', 'Modulo Penal Central', 'ASISTENTE DE COMUNICACIONES', '728'),
('18316', 'PUNO', 'Modulo Penal Central', 'ASISTENTE DE COMUNICACIONES', '728'),
('18317', 'PUNO', 'Modulo Penal Central', 'ESPECIALISTA JUDICIAL DE JUZGADO', '728'),
('18318', 'PUNO', 'Modulo Penal Central', 'ASISTENTE JURISDICCIONAL DE JUZGADO', '728'),
('18319', 'PUNO', 'Modulo Penal Central', 'ESPECIALISTA JUDICIAL DE AUDIENCIA DE JUZGADO', '728'),
('18320', 'PUNO', 'Modulo Penal Central', 'ESPECIALISTA JUDICIAL DE AUDIENCIA DE JUZGADO', '728'),
('18329', 'AZANGARO', 'Modulo Penal', 'ESPECIALISTA JUDICIAL DE JUZGADO', '728'),
('18330', 'AZANGARO', 'Modulo Penal', 'ESPECIALISTA JUDICIAL DE JUZGADO', '728'),
('18331', 'AZANGARO', 'Modulo Penal', 'ASISTENTE JURISDICCIONAL DE JUZGADO', '728'),
('18332', 'AZANGARO', 'Modulo Penal', 'ESPECIALISTA JUDICIAL DE AUDIENCIA DE JUZGADO', '728'),
('18334', 'AZANGARO', 'Modulo Penal', 'ASISTENTE DE COMUNICACIONES', '728'),
('18335', 'AYAVIRI', 'Modulo Penal', 'ESPECIALISTA JUDICIAL DE JUZGADO', '728'),
('18336', 'MACUSANI', 'Modulo Penal', 'ESPECIALISTA JUDICIAL DE JUZGADO', '728'),
('18337', 'MACUSANI', 'Modulo Penal', 'ESPECIALISTA JUDICIAL DE AUDIENCIA DE JUZGADO', '728'),
('18338', 'MACUSANI', 'Modulo Penal', 'ESPECIALISTA JUDICIAL DE JUZGADO', '728'),
('18339', 'DESAGUADERO', 'Modulo Penal', 'ESPECIALISTA JUDICIAL DE JUZGADO', '728'),
('18340', 'DESAGUADERO', 'Modulo Penal', 'ESPECIALISTA JUDICIAL DE AUDIENCIA DE JUZGADO', '728'),
('18341', 'JULI', 'Modulo Penal', 'ESPECIALISTA JUDICIAL DE JUZGADO', '728'),
('18342', 'JULI', 'Modulo Penal', 'ESPECIALISTA JUDICIAL DE AUDIENCIA DE JUZGADO', '728'),
('18349', 'ILAVE', 'Modulo Penal', 'ESPECIALISTA JUDICIAL DE JUZGADO', '728'),
('18350', 'ILAVE', 'Modulo Penal', 'ASISTENTE JURISDICCIONAL DE JUZGADO', '728'),
('18352', 'ILAVE', 'Modulo Penal', 'ASISTENTE DE COMUNICACIONES', '728'),
('18359', 'HUANCANE', 'Modulo Penal', 'ESPECIALISTA JUDICIAL DE JUZGADO', '728'),
('18360', 'HUANCANE', 'Modulo Penal', 'ESPECIALISTA JUDICIAL DE AUDIENCIA DE JUZGADO', '728'),
('18362', 'LAMPA', 'Modulo Penal', 'ESPECIALISTA JUDICIAL DE JUZGADO', '728'),
('18369', 'AYAVIRI', 'Modulo Penal', 'ESPECIALISTA JUDICIAL DE AUDIENCIA DE JUZGADO', '728'),
('18370', 'AYAVIRI', 'Modulo Penal', 'ASISTENTE DE COMUNICACIONES', '728'),
('18377', 'MOHO', 'Modulo Penal', 'ESPECIALISTA JUDICIAL DE JUZGADO', '728'),
('18378', 'MOHO', 'Modulo Penal', 'ESPECIALISTA JUDICIAL DE AUDIENCIA DE JUZGADO', '728'),
('18379', 'PUTINA', 'Modulo Penal', 'ESPECIALISTA JUDICIAL DE JUZGADO', '728'),
('18380', 'PUTINA', 'Modulo Penal', 'ESPECIALISTA JUDICIAL DE JUZGADO', '728'),
('18381', 'PUTINA', 'Modulo Penal', 'ESPECIALISTA JUDICIAL DE AUDIENCIA DE JUZGADO', '728'),
('18382', 'PUTINA', 'Modulo Penal', 'ASISTENTE DE COMUNICACIONES', '728'),
('18402', 'JULIACA', 'Modulo Penal', 'ASISTENTE DE ATENCION AL PUBLICO', '728'),
('18403', 'JULIACA', 'Modulo Penal', 'ASISTENTE DE ATENCION AL PUBLICO', '728'),
('18404', 'JULIACA', 'Modulo Penal', 'ASISTENTE DE ATENCION AL PUBLICO', '728'),
('18407', 'JULIACA', 'Modulo Penal', 'ASISTENTE DE COMUNICACIONES', '728'),
('18408', 'JULIACA', 'Modulo Penal', 'ASISTENTE DE COMUNICACIONES', '728'),
('18409', 'JULIACA', 'Modulo Penal', 'ASISTENTE JURISDICCIONAL DE SALA', '728'),
('18410', 'JULIACA', 'Modulo Penal', 'ESPECIALISTA JUDICIAL DE AUDIENCIA DE SALA', '728'),
('18411', 'JULIACA', 'Modulo Penal', 'ESPECIALISTA JUDICIAL DE JUZGADO', '728'),
('18412', 'JULIACA', 'Modulo Penal', 'ASISTENTE JURISDICCIONAL DE JUZGADO', '728'),
('18413', 'JULIACA', 'Modulo Penal', 'ESPECIALISTA JUDICIAL DE JUZGADO', '728'),
('18414', 'JULIACA', 'Modulo Penal', 'ASISTENTE JURISDICCIONAL DE JUZGADO', '728'),
('18415', 'JULIACA', 'Modulo Penal', 'ASISTENTE JURISDICCIONAL DE JUZGADO', '728'),
('18416', 'JULIACA', 'Modulo Penal', 'ESPECIALISTA JUDICIAL DE AUDIENCIA DE JUZGADO', '728'),
('18417', 'SANDIA', 'Modulo Penal', 'ESPECIALISTA JUDICIAL DE JUZGADO', '728'),
('18418', 'SANDIA', 'Modulo Penal', 'ESPECIALISTA JUDICIAL DE AUDIENCIA DE JUZGADO', '728'),
('18419', 'YUNGUYO', 'Modulo Penal', 'ESPECIALISTA JUDICIAL DE JUZGADO', '728'),
('18420', 'YUNGUYO', 'Modulo Penal', 'ESPECIALISTA JUDICIAL DE JUZGADO', '728'),
('18421', 'YUNGUYO', 'Modulo Penal', 'ESPECIALISTA JUDICIAL DE AUDIENCIA DE JUZGADO', '728'),
('19277', 'ILAVE', 'Modulo Penal', 'ESPECIALISTA JUDICIAL DE JUZGADO', '728'),
('20021', 'PUNO', 'Modulo Penal Central', 'ASISTENTE JURISDICCIONAL DE JUZGADO', '728'),
('20022', 'PUNO', 'Modulo Penal Central', 'ESPECIALISTA JUDICIAL DE AUDIENCIA DE JUZGADO', '728'),
('20024', 'PUNO', 'Modulo Penal Central', 'ESPECIALISTA JUDICIAL DE JUZGADO', '728'),
('20026', 'SANDIA', 'Modulo Penal', 'ESPECIALISTA JUDICIAL DE AUDIENCIA DE JUZGADO', '728'),
('20027', 'PUNO', 'Modulo Penal Central', 'ASISTENTE JURISDICCIONAL DE JUZGADO', '728'),
('20028', 'PUNO', 'Modulo Penal Central', 'ESPECIALISTA JUDICIAL DE JUZGADO', '728'),
('20031', 'PUNO', 'Modulo Penal Central', 'TECNICO JUDICIAL', '728'),
('20034', 'PUNO', '3 Juzgado Civil (Ex Juzgado Civil)', 'TECNICO JUDICIAL', '728'),
('20035', 'PUNO', 'Modulo Penal Central', 'ESPECIALISTA JUDICIAL DE AUDIENCIA DE JUZGADO', '728'),
('20036', 'PUNO', 'Modulo Penal Central', 'ASISTENTE JURISDICCIONAL DE JUZGADO', '728'),
('20042', 'PUNO', 'Modulo Penal Central', 'ESPECIALISTA JUDICIAL DE JUZGADO', '728'),
('20046', 'PUNO', 'Modulo Penal Central', 'ASISTENTE JURISDICCIONAL DE JUZGADO', '728'),
('20047', 'JULIACA', 'Modulo Penal', 'ESPECIALISTA JUDICIAL DE JUZGADO', '728'),
('20053', 'PUNO', 'Modulo Penal Central', 'ESPECIALISTA JUDICIAL DE SALA', '728'),
('20058', 'PUNO', '3 Juzgado Civil (Ex Juzgado Civil)', 'SECRETARIO JUDICIAL', '728'),
('20064', 'PUNO', 'Modulo Penal Central', 'ESPECIALISTA JUDICIAL DE SALA', '728'),
('20076', 'JULIACA', 'Modulo Penal', 'TECNICO JUDICIAL', '728'),
('20077', 'JULIACA', 'Modulo Penal', 'TECNICO JUDICIAL', '728'),
('20082', 'JULIACA', 'Modulo Penal', 'TECNICO JUDICIAL', '728'),
('20088', 'JULIACA', 'Modulo Penal', 'TECNICO JUDICIAL', '728'),
('20094', 'JULIACA', 'Modulo Penal', 'ESPECIALISTA JUDICIAL DE AUDIENCIA DE JUZGADO', '728'),
('20096', 'JULIACA', 'Modulo Penal', 'ESPECIALISTA JUDICIAL DE JUZGADO', '728'),
('20134', 'JULIACA', 'Modulo Penal', 'ESPECIALISTA JUDICIAL DE JUZGADO', '728'),
('20135', 'JULIACA', 'Modulo Penal', 'ESPECIALISTA JUDICIAL DE AUDIENCIA DE JUZGADO', '728'),
('20137', 'JULIACA', 'Modulo Penal', 'ESPECIALISTA JUDICIAL DE JUZGADO', '728'),
('20146', 'JULIACA', 'Modulo Penal', 'ESPECIALISTA JUDICIAL DE JUZGADO', '728'),
('20150', 'JULIACA', 'Modulo Penal', 'ESPECIALISTA JUDICIAL DE JUZGADO', '728'),
('20153', 'JULIACA', 'Modulo Penal', 'ESPECIALISTA JUDICIAL DE JUZGADO', '728'),
('20154', 'PUNO', 'Modulo Penal Central', 'ESPECIALISTA JUDICIAL DE AUDIENCIA DE JUZGADO', '728'),
('23269', 'JULIACA', 'Modulo Penal', 'ESPECIALISTA JUDICIAL DE JUZGADO', '728'),
('23270', 'JULIACA', 'Modulo Penal', 'ESPECIALISTA JUDICIAL DE JUZGADO', '728'),
('23271', 'JULIACA', 'Modulo Penal', 'ESPECIALISTA JUDICIAL DE AUDIENCIA DE JUZGADO', '728'),
('23272', 'JULIACA', 'Modulo Penal', 'ASISTENTE JURISDICCIONAL DE JUZGADO', '728'),
('23999', 'JULIACA', 'Modulo Penal', 'ESPECIALISTA JUDICIAL DE JUZGADO', '728'),
('24000', 'JULIACA', 'Modulo Penal', 'ESPECIALISTA JUDICIAL DE AUDIENCIA DE JUZGADO', '728'),
('24001', 'JULIACA', 'Modulo Penal', 'ASISTENTE JURISDICCIONAL DE JUZGADO', '728'),
('24003', 'LAMPA', 'Modulo Penal', 'ESPECIALISTA JUDICIAL DE JUZGADO', '728'),
('24005', 'HUANCANE', 'Modulo Penal', 'ESPECIALISTA JUDICIAL DE JUZGADO', '728'),
('24006', 'HUANCANE', 'Modulo Penal', 'ESPECIALISTA JUDICIAL DE AUDIENCIA DE JUZGADO', '728'),
('24007', 'HUANCANE', 'Modulo Penal', 'ASISTENTE JURISDICCIONAL DE JUZGADO', '728'),
('24009', 'JULIACA', 'Modulo Penal', 'ESPECIALISTA JUDICIAL DE JUZGADO', '728'),
('24010', 'JULIACA', 'Modulo Penal', 'ESPECIALISTA JUDICIAL DE JUZGADO', '728'),
('24011', 'JULIACA', 'Modulo Penal', 'ESPECIALISTA JUDICIAL DE AUDIENCIA DE JUZGADO', '728'),
('24012', 'JULIACA', 'Modulo Penal', 'ASISTENTE JURISDICCIONAL DE JUZGADO', '728'),
('26275', 'PUNO', 'Modulo Penal Central', 'ADMINISTRADOR MODULO DEL NCPP', '728'),
('26276', 'PUNO', 'Modulo Penal Central', 'ASISTENTE DE INFORMATICA', '728'),
('26277', 'PUNO', 'Modulo Penal Central', 'ASISTENTE JURISDICCIONAL DE C.G.E.', '728'),
('26278', 'PUNO', '1  Juzgado Penal Unipersonal', 'JUEZ ESPECIALIZADO', '728'),
('26279', 'PUNO', '2  Juzgado Penal Unipersonal - Proc. Flagrancia', 'JUEZ ESPECIALIZADO', '728'),
('26280', 'PUNO', '3  Juzgado Penal Unipersonal', 'JUEZ ESPECIALIZADO', '728'),
('26285', 'PUNO', '3 Juzgado Civil (Ex Juzgado Civil)', 'JUEZ ESPECIALIZADO', '728'),
('26300', 'JULIACA', 'Modulo Penal', 'SUBADMINISTRADOR', '728'),
('26301', 'JULIACA', 'Modulo Penal', 'ASISTENTE DE INFORMATICA', '728'),
('26302', 'JULIACA', 'Modulo Penal', 'ASISTENTE JURISDICCIONAL DE C.G.E.', '728'),
('26315', 'AZANGARO', 'Modulo Penal', 'ASISTENTE DE INFORMATICA', '728'),
('26323', 'HUANCANE', 'Modulo Penal', 'ASISTENTE DE INFORMATICA', '728'),
('26332', 'YUNGUYO', 'Modulo Penal', 'ASISTENTE DE INFORMATICA', '728'),
('27094', 'PUNO', 'Modulo Penal Central', 'ESPECIALISTA JUDICIAL DE JUZGADO', '728'),
('27095', 'JULIACA', 'Modulo Penal', 'ASISTENTE DE COMUNICACIONES', '728'),
('27524', 'JULIACA', 'Modulo Penal', 'ESPECIALISTA JUDICIAL DE SALA', '728'),
('27527', 'JULIACA', 'Modulo Penal', 'ESPECIALISTA JUDICIAL DE SALA', '728'),
('27530', 'JULIACA', 'Modulo Penal', 'ESPECIALISTA JUDICIAL DE AUDIENCIA DE SALA', '728'),
('27533', 'JULIACA', 'Modulo Penal', 'ESPECIALISTA JUDICIAL DE JUZGADO', '728'),
('27534', 'JULIACA', 'Modulo Penal', 'ESPECIALISTA JUDICIAL DE JUZGADO', '728'),
('27535', 'JULIACA', 'Modulo Penal', 'ESPECIALISTA JUDICIAL DE JUZGADO', '728'),
('27536', 'JULIACA', 'Modulo Penal', 'ESPECIALISTA JUDICIAL DE JUZGADO', '728'),
('29810', 'JULIACA', 'Modulo Penal', 'ESPECIALISTA JUDICIAL DE JUZGADO', '728'),
('29811', 'JULIACA', 'Modulo Penal', 'ESPECIALISTA JUDICIAL DE AUDIENCIA DE JUZGADO', '728'),
('29812', 'JULIACA', 'Modulo Penal', 'ASISTENTE JURISDICCIONAL DE JUZGADO', '728'),
('34311', 'AZANGARO', 'Modulo Penal', 'ASISTENTE JURISDICCIONAL DE JUZGADO', '728'),
('34312', 'AZANGARO', 'Modulo Penal', 'ESPECIALISTA JUDICIAL DE JUZGADO', '728'),
('34313', 'AZANGARO', 'Modulo Penal', 'ESPECIALISTA JUDICIAL DE AUDIENCIA DE JUZGADO', '728'),
('37351', 'PUNO', 'Modulo Penal Central', 'ESPECIALISTA JUDICIAL DE JUZGADO', '728'),
('5450', 'PUNO', '3 Juzgado Civil (Ex Juzgado Civil)', 'TECNICO JUDICIAL', '728'),
('8868', 'PUNO', '3 Juzgado Civil (Ex Juzgado Civil)', 'SECRETARIO JUDICIAL', '728'),
('8929', 'PUNO', '3 Juzgado Civil (Ex Juzgado Civil)', 'SECRETARIO JUDICIAL', '728'),
('35436', 'NUNOA', 'Juzgado de Paz Letrado - NUNOA', 'ASISTENTE JUDICIAL', '728'),
('35437', 'NUNOA', 'Juzgado de Paz Letrado - NUNOA', 'AUXILIAR JUDICIAL', '728'),
('35438', 'NUNOA', 'Juzgado de Paz Letrado - NUNOA', 'ASISTENTE JUDICIAL', '728'),
('35439', 'NUNOA', 'Juzgado de Paz Letrado - NUNOA', 'SECRETARIO JUDICIAL', '728'),
('35440', 'NUNOA', 'Juzgado de Paz Letrado - NUNOA', 'JUEZ DE PAZ LETRADO', '728'),
('10165', 'HUANCANE', 'Juzgado de Paz Letrado', 'JUEZ DE PAZ LETRADO', '276'),
('45454445', 'JULI', '1 Juzgado de Paz Letrado', 'ASISTENTE ADMINISTRATIVO I', '276');

-- --------------------------------------------------------

--
-- Estructura de tabla para la tabla `cop_rotulos`
--

CREATE TABLE `cop_rotulos` (
  `id` int(11) NOT NULL,
  `rotulo` varchar(210) COLLATE utf8_spanish_ci DEFAULT NULL,
  `orden` smallint(6) DEFAULT NULL
) ENGINE=InnoDB DEFAULT CHARSET=utf8 COLLATE=utf8_spanish_ci;

--
-- Volcado de datos para la tabla `cop_rotulos`
--

INSERT INTO `cop_rotulos` (`id`, `rotulo`, `orden`) VALUES
(1, 'ADMINISTRADOR MODULO DEL NCPP', 3),
(2, 'ANALISTA II', 4),
(3, 'ASESOR DE CORTE', 5),
(4, 'ASISTENTE ADMINISTRATIVO I', 7),
(5, 'ASISTENTE ADMINISTRATIVO II', 6),
(6, 'ASISTENTE DE ATENCION AL PUBLICO', 8),
(7, 'ASISTENTE DE COMUNICACIONES', 8),
(8, 'ASISTENTE DE INFORMATICA', 7),
(9, 'ASISTENTE JUDICIAL', 7),
(10, 'ASISTENTE JURISDICCIONAL DE C.G.E.', 8),
(11, 'ASISTENTE JURISDICCIONAL DE JUZGADO', 7),
(12, 'ASISTENTE JURISDICCIONAL DE SALA', 7),
(13, 'ASISTENTE SOCIAL', 7),
(14, 'AUXILIAR ADMINISTRATIVO I', 8),
(15, 'AUXILIAR ADMINISTRATIVO II', 8),
(16, 'AUXILIAR JUDICIAL', 8),
(17, 'AUXILIAR JUDICIAL I', 8),
(18, 'AUXILIAR JUDICIAL III', 8),
(19, 'CAJERO I', 6),
(20, 'CHOFER I', 7),
(21, 'COORDINADOR I', 3),
(22, 'ESPECIALISTA JUDICIAL DE AUDIENCIA DE JUZGADO', 6),
(23, 'ESPECIALISTA JUDICIAL DE AUDIENCIA DE SALA', 6),
(24, 'ESPECIALISTA JUDICIAL DE JUZGADO', 6),
(25, 'ESPECIALISTA JUDICIAL DE SALA', 6),
(26, 'GERENTE_UE', 1),
(27, 'JEFE DE UNIDAD', 2),
(28, 'JUEZ DE PAZ LETRADO', 4),
(29, 'JUEZ ESPECIALIZADO', 3),
(30, 'JUEZ MIXTO', 3),
(31, 'JUEZ SUPERIOR', 2),
(32, 'PRESIDENTE DE CORTE', 1),
(33, 'PSICOLOGO', 3),
(34, 'RELATOR', 6),
(35, 'REVISOR', 8),
(36, 'SECRETARIA I', 6),
(37, 'SECRETARIA III', 6),
(38, 'SECRETARIO DE SALA', 6),
(39, 'SECRETARIO JUDICIAL', 6),
(40, 'SECRETARIO JUDICIAL I', 6),
(41, 'SECRETARIO JUDICIAL II - CJ', 6),
(42, 'SUBADMINISTRADOR', 6),
(43, 'TECNICO ADMINISTRATIVO I', 7),
(44, 'TECNICO ADMINISTRATIVO II', 7),
(45, 'TECNICO JUDICIAL', 7);

-- --------------------------------------------------------

--
-- Estructura de tabla para la tabla `cop_sedes`
--

CREATE TABLE `cop_sedes` (
  `id` int(11) NOT NULL,
  `sede` varchar(200) COLLATE utf8_spanish_ci DEFAULT NULL,
  `orden` smallint(6) DEFAULT NULL
) ENGINE=InnoDB DEFAULT CHARSET=utf8 COLLATE=utf8_spanish_ci;

--
-- Volcado de datos para la tabla `cop_sedes`
--

INSERT INTO `cop_sedes` (`id`, `sede`, `orden`) VALUES
(1, 'PUNO', 1),
(2, 'AYAVIRI', 6),
(3, 'LAMPA', 13),
(4, 'JULI', 12),
(5, 'JULIACA', 2),
(6, 'DESAGUADERO', 9),
(7, 'AZANGARO', 7),
(8, 'SANDIA', 19),
(9, 'ACORA', 3),
(10, 'PUTINA', 17),
(11, 'ILAVE', 11),
(12, 'MACUSANI', 14),
(13, 'YUNGUYO', 21),
(14, 'HUANCANE', 10),
(15, 'MOHO', 15),
(16, 'CHUPA', 8),
(17, 'SAN ANTON', 18),
(18, 'ANANEA', 4),
(19, 'SANTA ROSA', 20),
(20, 'ASILLO', 5),
(21, 'NUNOA', 16);

-- --------------------------------------------------------

--
-- Estructura de tabla para la tabla `cop_trabajadores`
--

CREATE TABLE `cop_trabajadores` (
  `id` int(11) NOT NULL,
  `dni` varchar(9) DEFAULT NULL,
  `nombres` varchar(150) DEFAULT NULL,
  `apellidos` varchar(250) DEFAULT NULL,
  `nacimiento` datetime DEFAULT NULL,
  `contacto` varchar(12) DEFAULT NULL
) ENGINE=InnoDB DEFAULT CHARSET=latin1;

--
-- Volcado de datos para la tabla `cop_trabajadores`
--

INSERT INTO `cop_trabajadores` (`id`, `dni`, `nombres`, `apellidos`, `nacimiento`, `contacto`) VALUES
(74, NULL, 'MARITZA', 'PALOMINO COILA', NULL, NULL),
(4318, NULL, 'IRMA', 'COAQUIRA COLQUE', NULL, NULL),
(4330, NULL, 'CRISOSTOMO', 'APAZA AROQUIPA', NULL, NULL),
(4346, NULL, 'NERY MARIA', 'DELGADO TITO', NULL, NULL),
(4364, NULL, 'EUGENIO', 'APAZA CHAMBI', NULL, NULL),
(4368, NULL, 'MATEO PANFILO', 'NEIRA LOPEZ', NULL, NULL),
(4369, NULL, 'PASCUAL', 'TICONA RUELAS', NULL, NULL),
(4374, NULL, 'NEMESIO', 'CURO SUAÑA', NULL, NULL),
(4383, NULL, 'ALEX ALEJANDRO', 'ALVAREZ CONDORI', NULL, NULL),
(4398, NULL, 'PELAYO SATURNINO', 'SALAZAR QUISPE', NULL, NULL),
(4408, NULL, 'VICTOR', 'QUISPE MAMANI', NULL, NULL),
(4475, NULL, 'PELAYO JUAN', 'LARICO MAMANI', NULL, NULL),
(4510, NULL, 'HILARION', 'FLORES CHAMBILLA', NULL, NULL),
(4749, NULL, 'EUSEBIA LEONOR', 'CORICAZA CORNEJO', NULL, NULL),
(4752, NULL, 'ROGER FERNANDO', 'ISTAÑA PONCE', NULL, NULL),
(4846, NULL, 'PABLO', 'VALERIANO CHUI', NULL, NULL),
(4855, NULL, 'MARCO ANTONIO', 'CARPIO MIRANDA', NULL, NULL),
(4885, NULL, 'CELESTINO', 'YANA MAMANI', NULL, NULL),
(4950, NULL, 'HECTOR JUSTO', 'DIAZ MAMANI', NULL, NULL),
(4979, NULL, 'RICARDO PABLO', 'SALINAS MALAGA', NULL, NULL),
(5248, NULL, 'SARA CRISTINA', 'RAMIREZ AQUIZE', NULL, NULL),
(5453, NULL, 'EDWIN JORGE', 'SARMIENTO APAZA', NULL, NULL),
(5459, NULL, 'JESUS GERARDO', 'MACEDO SONCCO', NULL, NULL),
(8031, NULL, 'PUBLIO', 'CHAMBILLA MANDAMIENTO', NULL, NULL),
(9013, NULL, 'NESTOR ANDRES', 'FLORES PARIPANCA', NULL, NULL),
(9019, NULL, 'ASTERIO', 'FLORES VASQUEZ', NULL, NULL),
(9020, NULL, 'PAULINO', 'MAMANI RIVERA', NULL, NULL),
(9025, NULL, 'ALEXANDER', 'ROQUE DIAZ', NULL, NULL),
(9027, NULL, 'OTILIA ELIANA', 'VALERO ROQUE', NULL, NULL),
(9037, NULL, 'BERNARDO', 'YUNGA YUNGA', NULL, NULL),
(9044, NULL, 'SOFIA', 'GUERRA CABRERA', NULL, NULL),
(9045, NULL, 'PASCUAL JAVIER', 'ISTAÑA RAMOS', NULL, NULL),
(9051, NULL, 'RUBEN', 'CHARAJA GONZALES', NULL, NULL),
(9060, NULL, 'FELIPE', 'CALLA QUISPE', NULL, NULL),
(9063, NULL, 'GUISELA SOFIA', 'ZEVALLOS VALDEZ', NULL, NULL),
(9069, NULL, 'ODEON', 'BEJAR AGUILAR', NULL, NULL),
(9072, NULL, 'EFRAIN', 'VILCA ARAPA', NULL, NULL),
(9075, NULL, 'MARIA ELIZABETH', 'MEDRANO LAZO DE FRANCO', NULL, NULL),
(9086, NULL, 'LUZ MARINA', 'CHURA PACHARI', NULL, NULL),
(9211, NULL, 'EULOGIO EPIFANIO', 'PINEDA APAZA', NULL, NULL),
(9216, NULL, 'LEOPOLDO', 'SAYRITUPA RAMIREZ', NULL, NULL),
(9379, NULL, 'ROSENDO', 'HUISA MAITA', NULL, NULL),
(9489, NULL, 'DEMESIO', 'VALDIVIA VALDIVIA', NULL, NULL),
(9490, NULL, 'HERMENECILDO JUSTINO', 'CRUZ PAMPA', NULL, NULL),
(9522, NULL, 'LUIS EFRAIN', 'ARTETA LA TORRE', NULL, NULL),
(9587, NULL, 'ADOLFO', 'MIRANDA BAILON', NULL, NULL),
(9636, NULL, 'SEVERIANO', 'RAMOS NUÑEZ', NULL, NULL),
(10747, NULL, 'JUAN LUIS', 'MENDOZA GUZMAN', NULL, NULL),
(10824, NULL, 'ALEJANDRO FREDDY', 'CARHUAMACA ADAUTO', NULL, NULL),
(12044, NULL, 'OSWALDO', 'MAMANI COAQUIRA', NULL, NULL),
(12882, NULL, 'ARIEL ANTONIO', 'QUISPE LAUREANO', NULL, NULL),
(12995, NULL, 'CARMEN MARTINA', 'PALOMINO JARAMILLO', NULL, NULL),
(12998, NULL, 'YESIKA', 'CASTILLO LAGUNA', NULL, NULL),
(13001, NULL, 'WILFREDO ELISBAN', 'HINOJOSA PONCE', NULL, NULL),
(13002, NULL, 'CARMELO', 'HUISA GUTIERREZ', NULL, NULL),
(13003, NULL, 'MARLON ILICH', 'SANCHEZ LAURO', NULL, NULL),
(13006, NULL, 'MARIA RUTH', 'LAZO GAMERO', NULL, NULL),
(13007, NULL, 'EDWIN HUGO', 'QUISPE VARGAS', NULL, NULL),
(13010, NULL, 'CESAR AUGUSTO', 'PINEDA FERNANDEZ', NULL, NULL),
(13011, NULL, 'VERONIKHA JUANA', 'TUCO ZUÑIGA', NULL, NULL),
(13300, NULL, 'NESTOR HERNAN', 'VELASCO PEÑA', NULL, NULL),
(14077, NULL, 'MILAGROS', 'NUNEZ VILLAR', NULL, NULL),
(14079, NULL, 'WILDER CIRO', 'GALLEGOS APAZA', NULL, NULL),
(14080, NULL, 'MARLENE GUADALUPE', 'RAMIREZ RUBIN DE CELIS', NULL, NULL),
(14084, NULL, 'RAMON', 'CASA PARI', NULL, NULL),
(14085, NULL, 'SANTOS', 'LLANOS QUISPE', NULL, NULL),
(15847, NULL, 'REYNALDO', 'LUQUE MAMANI', NULL, NULL),
(15859, NULL, 'WALDO', 'YANAPA CORNEJO', NULL, NULL),
(16100, NULL, 'NORKA ROSARIO', 'CASTILLO PRADO', NULL, NULL),
(16609, NULL, 'HERNAN', 'LAYME YEPEZ', NULL, NULL),
(16754, NULL, 'JUAN FRANCISCO', 'TICONA URA', NULL, NULL),
(17009, NULL, 'PENELOPE', 'NAJAR PINEDA', NULL, NULL),
(17012, NULL, 'PANFILO', 'MONZON MAMANI', NULL, NULL),
(17066, NULL, 'JUSTINO JESUS', 'GALLEGOS ZANABRIA', NULL, NULL),
(17070, NULL, 'JOSE ALFREDO', 'PINEDA GONZALES', NULL, NULL),
(17151, NULL, 'MANUEL LEON', 'QUINTANILLA CHACON', NULL, NULL),
(17220, NULL, 'BENNY JOSE', 'ALVAREZ QUIÑONEZ', NULL, NULL),
(17269, NULL, 'JORGE ABAD', 'SALAZAR CALLA', NULL, NULL),
(17329, NULL, 'VICTOR', 'CALIZAYA COILA', NULL, NULL),
(17330, NULL, 'MARTHA IRENE', 'AGUILAR CASTILLO', NULL, NULL),
(17332, NULL, 'RUBEN', 'GOMEZ AQUINO', NULL, NULL),
(17361, NULL, 'OSCAR FREDY', 'AYESTAS ARDILES', NULL, NULL),
(17498, NULL, 'GREGORIO PERCY', 'LOZADA CUEVA', NULL, NULL),
(17630, NULL, 'ROMULO JUAN', 'CARCAUSTO CALLA', NULL, NULL),
(17658, NULL, 'EDSON AUGUSTO', 'JAUREGUI MERCADO', NULL, NULL),
(17689, NULL, 'ANGELICA', 'MAMANI CAYCHO', NULL, NULL),
(17795, NULL, 'ROBERTO', 'CONDORI TICONA', NULL, NULL),
(17921, NULL, 'ELIZABETH PATRICIA', 'FLORES ORTIZ', NULL, NULL),
(18167, NULL, 'VICENTE PRESENTACION', 'HUANACUNE MAQUERA', NULL, NULL),
(18360, NULL, 'ANGEL', 'BALCONA BALCON', NULL, NULL),
(18415, NULL, 'HERIBERTO RAPHAEL', 'PAREDES LUPACA', NULL, NULL),
(18448, NULL, 'JAVIER HILBERT', 'ARPASI PACHO', NULL, NULL),
(18455, NULL, 'IVAN VICTOR', 'ARIAS CALVO', NULL, NULL),
(18555, NULL, 'JAVIER', 'CARACELA BORDA', NULL, NULL),
(18563, NULL, 'MARIA CANDELARIA', 'MORALES SEGURA', NULL, NULL),
(18594, NULL, 'JOHNNY PEDRO', 'QUISPE VILCA', NULL, NULL),
(18648, NULL, 'KATTIA', 'ALVAREZ AVALOS', NULL, NULL),
(18696, NULL, 'RICHARD', 'CONDORI CHAMBI', NULL, NULL),
(18701, NULL, 'AUGUSTO', 'CASTILLO CORDERO', NULL, NULL),
(18761, NULL, 'ROGER', 'DIAZ HAYTARA', NULL, NULL),
(18809, NULL, 'IVAN ALBERTO', 'QUISPE AUCCA', NULL, NULL),
(18949, NULL, 'JULIO CESAR', 'CHUCUYA ZAGA', NULL, NULL),
(19017, NULL, 'DIEGO', 'SALINAS MENDOZA', NULL, NULL),
(19108, NULL, 'WALTER SALVADOR', 'GALVEZ CONDORI', NULL, NULL),
(19124, NULL, 'ALBERTO ELIAS', 'CUNO HUARCAYA', NULL, NULL),
(19220, NULL, 'MAXIMO', 'TACURI ROBLES', NULL, NULL),
(19221, NULL, 'MILLER GUSTAVO', 'CASTRO LUPA', NULL, NULL),
(20190, NULL, 'JORGE MATIAS', 'NINA PARIAPAZA', NULL, NULL),
(21272, NULL, 'SANTOS', 'POMA MACHACA', NULL, NULL),
(21273, NULL, 'JULIO', 'MIRANDA MENDEZ', NULL, NULL),
(21275, NULL, 'HECTOR SERAFIN', 'FRANCO ORTEGA', NULL, NULL),
(21280, NULL, 'VICTOR LUCIANO', 'QUINTANILLA CHACON', NULL, NULL),
(21283, NULL, 'RAUL ANIBAL', 'CASTILLO SOLORZANO', NULL, NULL),
(21288, NULL, 'JACKELINE REINA', 'LUZA CACERES', NULL, NULL),
(21291, NULL, 'JOSE LUIS', 'SARAVIA PARI', NULL, NULL),
(21292, NULL, 'ARTURO RAIMUNDO', 'IBAÑEZ BANDA', NULL, NULL),
(21293, NULL, 'NICOLAS ARNALDO', 'APAZA GONZALES', NULL, NULL),
(21294, NULL, 'LEONIDAS', 'SALAZAR GONZALES', NULL, NULL),
(21298, NULL, 'ROSA ELIZABETH', 'PAZ ARDILES', NULL, NULL),
(21306, NULL, 'GRIMALDA MARIZOL', 'BRAVO MAXDEO', NULL, NULL),
(21307, NULL, 'CARLOS MOISES', 'GALLEGOS CHURA', NULL, NULL),
(21314, NULL, 'WILFREDO', 'MANZANO SANDOVAL', NULL, NULL),
(21315, NULL, 'MAURO EDGAR', 'FLORES CHAMBILLA', NULL, NULL),
(21316, NULL, 'PERCY LUIS', 'ARCOS MAMANI', NULL, NULL),
(21317, NULL, 'PEDRO JUAN', 'HUAMAN LUJAN', NULL, NULL),
(21322, NULL, 'AGAPITO SIMON', 'RODRIGUEZ CONDORI', NULL, NULL),
(21323, NULL, 'JUAN LUIS', 'ARAPA LUQUE', NULL, NULL),
(21333, NULL, 'IVAN FERNANDO', 'PALOMINO JARA', NULL, NULL),
(21334, NULL, 'HUGO CESAR', 'ROMERO VALERO', NULL, NULL),
(21338, NULL, 'CARLOS DIONI', 'CAHUANA VARGAS', NULL, NULL),
(21341, NULL, 'TERESA HILDA', 'BUSTINZA FERNANDEZ', NULL, NULL),
(21342, NULL, 'HUMBERTO', 'RAMOS CHOQUE', NULL, NULL),
(21349, NULL, 'JUANA SALINOVA', 'ALVAREZ GALLEGOS', NULL, NULL),
(21352, NULL, 'ZENOBIA ZAIDA', 'ENRIQUEZ MONTOYA', NULL, NULL),
(21357, NULL, 'BIBIANA', 'CALSIN COLQUEHUANCA', NULL, NULL),
(21359, NULL, 'SONIA SOLEDAD', 'URVIOLA APAZA', NULL, NULL),
(21361, NULL, 'ULISES FILIBERTO', 'BENITES PONCE', NULL, NULL),
(21371, NULL, 'WALTER PERCY', 'TORRES GONZALES', NULL, NULL),
(30651, NULL, 'FERMIN', 'ARUQUIPA COILA', NULL, NULL),
(30654, NULL, 'VICTOR JOSE', 'GONZALEZ DELGADO', NULL, NULL),
(30655, NULL, 'CARLOS EDUARDO', 'HINOJOSA SILVA', NULL, NULL),
(30656, NULL, 'EVARISTO LUCIANO', 'MACEDO CANAZA', NULL, NULL),
(30657, NULL, 'CARLOS GERMAN', 'REZZA RODRIGUEZ', NULL, NULL),
(30658, NULL, 'MIRIAM MARIA DELMIRA', 'SOTO IRIARTE', NULL, NULL),
(30659, NULL, 'YESENIA', 'ZAPATA ANDRADE', NULL, NULL),
(30826, NULL, 'GUIDO ARMANDO', 'CHEVARRIA TISNADO', NULL, NULL),
(30862, NULL, 'JUAN ERNESTO', 'GALVAN HUAMAN', NULL, NULL),
(31387, NULL, 'ADOLFO EDGAR', 'PERALTA CORNELIO', NULL, NULL),
(32034, NULL, 'RAUL', 'ALE POLAR', NULL, NULL),
(33543, NULL, 'CARLOS ALFREDO', 'BUSTAMANTE CASAS', NULL, NULL),
(33549, NULL, 'MIGUEL AMERICO', 'ROMERO CAHUANA', NULL, NULL),
(33555, NULL, 'LIDA TEODORA', 'APAZA SALAZAR', NULL, NULL),
(33558, NULL, 'OSCAR HENRY', 'CARDENAS MAMANI', NULL, NULL),
(33563, NULL, 'JANY ESPERANZA', 'ESPINOZA SALAS', NULL, NULL),
(33564, NULL, 'JUAN MANUEL', 'FLORES SANCHEZ', NULL, NULL),
(33567, NULL, 'LORENA', 'MENESES TICONA', NULL, NULL),
(33569, NULL, 'MARIO JESUS', 'QUISPE HUANCA', NULL, NULL),
(34063, NULL, 'MARCO ANTONIO', 'TICONA MIRANDA', NULL, NULL),
(34434, NULL, 'VICTOR ALBERTO', 'PAREDES MESTAS', NULL, NULL),
(34435, NULL, 'MIRIAN VIRGINIA', 'QUICAÑO TICONA', NULL, NULL),
(34513, NULL, 'MARCELO HUMBERTO', 'PASSANO DEL CARPIO', NULL, NULL),
(34515, NULL, 'JULIA MARISOL', 'RAMOS PONCE', NULL, NULL),
(35096, NULL, 'VERIUSKA KARINA', 'ZUÑIGA VELAZCO', NULL, NULL),
(35158, NULL, 'AGUSTIN ANTONIO', 'JILAPA APAZA', NULL, NULL),
(35160, NULL, 'MASIEL', 'ENCINAS PACA', NULL, NULL),
(35248, NULL, 'FELICIANO TIMOTEO', 'QUISPE GUTIERREZ', NULL, NULL),
(35249, NULL, 'SABINA ESPERANZA', 'ZUMARAN FARFAN', NULL, NULL),
(35347, NULL, 'WILBER EUFEMIO', 'AROAPAZA BALCONA', NULL, NULL),
(36229, NULL, 'WILMER', 'CABEZAS PANIAGUA', NULL, NULL),
(36574, NULL, 'ANGELICA DORA', 'COLQUE TICONA', NULL, NULL),
(36642, NULL, 'RAUL', 'MONTUFAR BERRIOS', NULL, NULL),
(36643, NULL, 'YESSICA', 'CONDORI CHATA', NULL, NULL),
(36645, NULL, 'ANGEL ADRIAN', 'LAURA APAZA', NULL, NULL),
(36655, NULL, 'LUIS JOHN', 'DEL CASTILLO ANDIA', NULL, NULL),
(36774, NULL, 'YANETH', 'DELGADO CCANA', NULL, NULL),
(36776, NULL, 'JOSE LUIS', 'VALDEZ PACHECO', NULL, NULL),
(36825, NULL, 'IRMA RAFITA', 'CARRILLO DE OCHATOMA', NULL, NULL),
(37000, NULL, 'OLIVIA', 'BEJARANO GUTIERREZ', NULL, NULL),
(37095, NULL, 'TATIANA MARISOL', 'GOMEZ MAYDANA', NULL, NULL),
(37096, NULL, 'SANDRA', 'SUNI HUARACHA', NULL, NULL),
(37145, NULL, 'MARIA ANTONIETA', 'CHOQUE MONZON', NULL, NULL),
(37174, NULL, 'FLAVIO', 'CALSINA CHOQUE', NULL, NULL),
(37178, NULL, 'ULDARICO VICENTE', 'ROJAS LEZANO', NULL, NULL),
(37285, NULL, 'ANGELA CHARMILA', 'CARDENAS VILLANUEVA', NULL, NULL),
(37348, NULL, 'LOURDES', 'MAMANI CRUZ', NULL, NULL),
(37447, NULL, 'JUAN PABLO', 'GUERRA CORNEJO', NULL, NULL),
(37537, NULL, 'ANA MARIA', 'CONDEMAYTA CUTIMBO', NULL, NULL),
(37542, NULL, 'PERCY AMILCAR', 'RIVAS SURCO', NULL, NULL),
(37655, NULL, 'LENA LEONOR', 'ALZAMORA PEREZ', NULL, NULL),
(38102, NULL, 'RICHARD', 'CANQUI CANQUI', NULL, NULL),
(38450, NULL, 'HEFLIN ACHARAT', 'BEJAR URRUCHI', NULL, NULL),
(38462, NULL, 'JHON ALEXY', 'CARI DIAZ', NULL, NULL),
(38761, NULL, 'ADRIAN PASCUAL', 'MELO QUISPE', NULL, NULL),
(38801, NULL, 'JESUS EDMUNDO', 'ACHATA PAREDES', NULL, NULL),
(38802, NULL, 'MARIANELA', 'CLAVIJO NUÑEZ DE ESPEZUA', NULL, NULL),
(38818, NULL, 'MALCO ZENON', 'TAPIA HUACASI', NULL, NULL),
(38878, NULL, 'WUILBER JUSTINIANO', 'FLORES PASTOR', NULL, NULL),
(38974, NULL, 'CLETO GUIDO', 'MIRAVAL QUISPE', NULL, NULL),
(39001, NULL, 'LUIS YERSON', 'CHARAJA CRUZ', NULL, NULL),
(39002, NULL, 'GIOVANA', 'MAMANI VIZA', NULL, NULL),
(39247, NULL, 'ELOY ERNESTO', 'FLORES LLANQUE', NULL, NULL),
(39262, NULL, 'WALTER ROBERT', 'PAREDES LIPA', NULL, NULL),
(39329, NULL, 'RAUL', 'ALCOS CCALLA', NULL, NULL),
(39383, NULL, 'HERNALDO', 'PAYE SOLORZANO', NULL, NULL),
(39466, NULL, 'PEDRO', 'QUISPE CUEVAS', NULL, NULL),
(39531, NULL, 'ANTONIO RODOMIRO', 'RODRIGO ESPEZUA', NULL, NULL),
(39546, NULL, 'KELLY', 'GARCIA BEDOYA', NULL, NULL),
(39548, NULL, 'CARMEN', 'MAMANI NUÑEZ', NULL, NULL),
(39647, NULL, 'MARGARITA', 'PAREDES PAMO', NULL, NULL),
(40169, NULL, 'MARIA ALEJANDRA', 'LAZARO LAZARO', NULL, NULL),
(40274, NULL, 'LOURDES', 'MOLINA DE LA ROSA AGUEDA', NULL, NULL),
(40532, NULL, 'VILMA', 'CHAMBILLA LUVE', NULL, NULL),
(40634, NULL, 'JIMMY ROLANDO', 'ALATA TITO', NULL, NULL),
(40675, NULL, 'PERCY', 'LARICO HUALLPA', NULL, NULL),
(40865, NULL, 'TERESA JESUS', 'MAMANI YANA', NULL, NULL),
(40870, NULL, 'YOLANDA OLGA', 'ESPINOZA PINTO', NULL, NULL),
(40871, NULL, 'ANDRES', 'QUISPE OTAZU', NULL, NULL),
(40958, NULL, 'KELLY YESENIA', 'RAMOS CHAHUARES', NULL, NULL),
(41029, NULL, 'FELIX', 'BAUTISTA YAMA', NULL, NULL),
(41468, NULL, 'JACKELINE JANET', 'FRISANCHO VILLANUEVA', NULL, NULL),
(41825, NULL, 'MARTHA JANETH', 'NOA MANSILLA', NULL, NULL),
(41834, NULL, 'ELIANA BEATRIZ', 'ROMERO ORTIZ', NULL, NULL),
(41914, NULL, 'EDWIN DARIO', 'CONDORI CCALLOHUANCA', NULL, NULL),
(41915, NULL, 'JUNIOR OSCAR', 'FLORES MANSILLA', NULL, NULL),
(41936, NULL, 'JAVIER HERNAN', 'MONTESINOS FLORES', NULL, NULL),
(41937, NULL, 'HECTOR BENITO', 'OLIVERA CUSILAYME', NULL, NULL),
(42019, NULL, 'LIZANDRO', 'MUÑUICO MAMANI', NULL, NULL),
(42707, NULL, 'MIRIAM NANCY', 'APAZA MAMANI', NULL, NULL),
(42709, NULL, 'ROSMERY', 'BLANCO HUANCA', NULL, NULL),
(42710, NULL, 'LEA', 'CALDERON ARAPA', NULL, NULL),
(42711, NULL, 'VICTOR RAUL', 'CARPIO FRANCO', NULL, NULL),
(42713, NULL, 'MILDRETH DEL ROCIO', 'RIOS CHOQUE', NULL, NULL),
(42928, NULL, 'MIRIAM EMMA', 'TURPO MAMANI', NULL, NULL),
(43094, NULL, 'JORGE HUMBERTO', 'TAPARA CONDORI', NULL, NULL),
(43526, NULL, 'JESSICA MIRIAM', 'CONDORI CHIPANA', NULL, NULL),
(43527, NULL, 'MARIA ISABEL', 'GOMEZ GOMEZ', NULL, NULL),
(43528, NULL, 'LANIN', 'LEZANO MURILLO', NULL, NULL),
(43529, NULL, 'BANISSA RINA', 'OVIEDO PARI', NULL, NULL),
(43533, NULL, 'ELMER', 'PILCO MONJE', NULL, NULL),
(43534, NULL, 'JUAN CARLOS', 'QUEVEDO RODRIGUEZ', NULL, NULL),
(43537, NULL, 'LAURA ESTELA', 'TICONA SALAZAR', NULL, NULL),
(43538, NULL, 'JAIME', 'VIZCARRA MAQUERA', NULL, NULL),
(43789, NULL, 'LISZ BHADY', 'BRUNA QUISPE', NULL, NULL),
(43792, NULL, 'JUAN MIGUEL', 'SALAS CCORI', NULL, NULL),
(44045, NULL, 'LUISA SHIOMMARA', 'VARGAS FLORES', NULL, NULL),
(44092, NULL, 'CARLOS OSWALDO', 'CORNEJO IRURI', NULL, NULL),
(44215, NULL, 'MARIELA', 'FLORES ANCACHI', NULL, NULL),
(44360, NULL, 'ELMER', 'CASTILLO HUAYNACHO', NULL, NULL),
(44362, NULL, 'JHON ALFONSO', 'CHAIÑA VILCA', NULL, NULL),
(44365, NULL, 'MARITZA', 'RAMOS ROQUE', NULL, NULL),
(44366, NULL, 'VIVIAM', 'SALAZAR TITO', NULL, NULL),
(44553, NULL, 'RENE AUGUSTO', 'TACAR CENTENO', NULL, NULL),
(44590, NULL, 'GLADIS', 'FLORES QUISPE', NULL, NULL),
(44591, NULL, 'ROBER WILDE', 'GUEVARA MAQUERA', NULL, NULL),
(44615, NULL, 'BERLY ROCIO', 'APARICIO MACEDO', NULL, NULL),
(45004, NULL, 'YANINA RUTH', 'CHURA COLQUE', NULL, NULL),
(45005, NULL, 'YOLANDA', 'HUANCA SEJE', NULL, NULL),
(45248, NULL, 'JESSICA JACLIN', 'CRUZ LIMA', NULL, NULL),
(45249, NULL, 'JUAN JAEN', 'HUAQUISTO MIRANDA', NULL, NULL),
(45328, NULL, 'CHRISTIAN HECTOR', 'ROZAS PALOMARES', NULL, NULL),
(45329, NULL, 'MARLENY VERONICA', 'TEJADA CATACORA', NULL, NULL),
(45330, NULL, 'JUSELY ELMA', 'ZARATE PACOVILCA', NULL, NULL),
(45383, NULL, 'CARMEN ROSARIO', 'MACHACA QUISPE', NULL, NULL),
(45446, NULL, 'JUAN CARLOS', 'RAMIREZ ALBARRACIN', NULL, NULL),
(45632, NULL, 'LIZBETH', 'NEWMAN TUETO', NULL, NULL),
(45745, NULL, 'WILFREDO CARLOS', 'JARA GAMBARINI', NULL, NULL),
(45946, NULL, 'MARIBEL ROCIO', 'AMANQUI CONDORI', NULL, NULL),
(45948, NULL, 'EVELYN SILVANA', 'PARI HUAYNAPATA', NULL, NULL),
(46056, NULL, 'JULIO HUGO', 'HUAITALLA PAREDES', NULL, NULL),
(46141, NULL, 'GUILLERMO HUGO', 'BEGAZO ARMAZA', NULL, NULL),
(46628, NULL, 'CARLOS EDISSON', 'FLORES ELGUERA', NULL, NULL),
(46713, NULL, 'FREDY', 'CASTILLO CHOQUEHUAYTA', NULL, NULL),
(46910, NULL, 'EDITH', 'MAMANI ITO', NULL, NULL),
(46939, NULL, 'JHERMAYNE ANDRE', 'ASTRULLA CUBA', NULL, NULL),
(46941, NULL, 'RUBI MARIBEL', 'CABRERA MAQUERA', NULL, NULL),
(46944, NULL, 'MIGUEL PERCY', 'TURPO CARI', NULL, NULL),
(46997, NULL, 'JOSE EDGARDO', 'BELON SALAS', NULL, NULL),
(47083, NULL, 'OMAR GLENN', 'CARI APAZA', NULL, NULL),
(47084, NULL, 'KETY JOHANNA', 'NEYRA CALDERON', NULL, NULL),
(47320, NULL, 'ELENA', 'CONDORI OJEDA', NULL, NULL),
(47361, NULL, 'LIZ YENNY', 'NAVARRO CHURATA', NULL, NULL),
(47503, NULL, 'YAQUELINE MARISEL', 'CALLO MAMANI', NULL, NULL),
(47504, NULL, 'YOSHI LI', 'CHAIÑA FLORES', NULL, NULL),
(47692, NULL, 'JUAN', 'GALINDO ALVAREZ', NULL, NULL),
(47778, NULL, 'JUAN', 'GOMEZ GUILLEN', NULL, NULL),
(47780, NULL, 'DARIA OLIVIA', 'PACORI MIRANDA', NULL, NULL),
(47822, NULL, 'MARIO', 'QUISPE ILASACA', NULL, NULL),
(47823, NULL, 'VICTOR RAUL', 'TACURI IDME', NULL, NULL),
(47835, NULL, 'RAUL ROMULO', 'CASTILLO SUAQUITA', NULL, NULL),
(48055, NULL, 'JEMMY NOE', 'LIZARDY LLANO', NULL, NULL),
(48056, NULL, 'IVAN', 'VARGAS HALLASI', NULL, NULL),
(48114, NULL, 'RIDER AYAR', 'APAZA PEREZ', NULL, NULL),
(48118, NULL, 'MARIBEL', 'MACHACA MAMANI', NULL, NULL),
(48146, NULL, 'JHONNY EDWIN', 'VANEGAS CHAMBILLA', NULL, NULL),
(48237, NULL, 'RAUL RENE', 'VELIZ AGUILAR', NULL, NULL),
(48271, NULL, 'GUSTAVO', 'ROMERO DEZA', NULL, NULL),
(48571, NULL, 'BRYAN DANILO', 'BONILLA GALINDO', NULL, NULL),
(48578, NULL, 'DIANA NADYR', 'RIVERA CANAZA', NULL, NULL),
(48579, NULL, 'JAIME EDGAR', 'SANDOVAL MEDRANO', NULL, NULL),
(48667, NULL, 'PADY ISABEL', 'MENDIZABAL GALLEGOS', NULL, NULL),
(49230, NULL, 'NELIDA', 'MARCA PERCA', NULL, NULL),
(49606, NULL, 'WILLY GIOVANNI', 'BEDOYA MIRANDA', NULL, NULL),
(49609, NULL, 'JULIO CESAR', 'COLQUEHUANCA CONDORI', NULL, NULL),
(49611, NULL, 'RONALD LYONEL', 'FERREYROS CALISAYA', NULL, NULL),
(49613, NULL, 'WILBER NILO', 'GONZA LAURA', NULL, NULL),
(49619, NULL, 'NAYDU YUREMA', 'NINA SERRANO', NULL, NULL),
(49624, NULL, 'LILIAN', 'RUBIN DE CELIS HUAMANI', NULL, NULL),
(49744, NULL, 'RICHARD', 'KORADI KANO', NULL, NULL),
(49746, NULL, 'RODY JAIRZINO', 'MAMANI DURAN', NULL, NULL),
(49747, NULL, 'VILMA VERONICA', 'MARTINEZ ROQUE', NULL, NULL),
(49748, NULL, 'RIVEL', 'MESTAS LEON', NULL, NULL),
(50363, NULL, 'ESPERANZA', 'ZAPATA MURILLO', NULL, NULL),
(50529, NULL, 'JHUBER ABDON', 'CHOQUE FIGUEROA', NULL, NULL),
(50550, NULL, 'ZULEMA', 'ALATRISTA VIZCARRA', NULL, NULL),
(50553, NULL, 'XIANETH YESENIA', 'VILA GALLARDO', NULL, NULL),
(50560, NULL, 'GRACE', 'TICONA BARREDA', NULL, NULL),
(50564, NULL, 'GIANINA JACKELINE', 'MONROY QUISPE', NULL, NULL),
(50775, NULL, 'ANTONIO ALEXANDER', 'PACORICONA FLORES', NULL, NULL),
(50792, NULL, 'IBET', 'YABAR JULI', NULL, NULL),
(51119, NULL, 'KENJI', 'ARAPA CRUZ', NULL, NULL),
(51150, NULL, 'JANNIA ISABEL', 'ACERO AROCUTIPA', NULL, NULL),
(51151, NULL, 'JUDITH NOHELIA', 'ALIAGA QUISPE', NULL, NULL),
(51152, NULL, 'GLORIA SOLEDAD', 'CACERES SONCCO', NULL, NULL),
(51153, NULL, 'ALEXANDRA FIORELA', 'CHAIÑA CONDORI', NULL, NULL),
(51154, NULL, 'MILTON DINO', 'CHAYÑA COILA', NULL, NULL),
(51155, NULL, 'RICHARD EFREN', 'FLORES NAVARRO', NULL, NULL),
(51156, NULL, 'ALFREDO BERLIN', 'LIMA MAMANI', NULL, NULL),
(51195, NULL, 'JANET MELANIA', 'PALOMINO QUISPE', NULL, NULL),
(51619, NULL, 'ANSELMO JHONNY', 'PUMA QUISPE', NULL, NULL),
(51652, NULL, 'RONALD', 'GOMEZ GUTIERREZ', NULL, NULL),
(51973, NULL, 'MARY ELENIA', 'TAPIA SANCHEZ', NULL, NULL),
(52300, NULL, 'MILTON', 'HUALLPA MACEDO', NULL, NULL),
(52473, NULL, 'EDDY FELIPE MARTIN', 'LLAZAKA CAYA', NULL, NULL),
(52583, NULL, 'WILLIAM SOLIS', 'ACEITUNO TICONA', NULL, NULL),
(52961, NULL, 'RUTH ELVIRA', 'SOSA FLORES', NULL, NULL),
(53071, NULL, 'LIZBETH PATRICIA', 'AGUIRRE CAMPOS', NULL, NULL),
(53072, NULL, 'RUSBI YESSICA', 'CUADROS ANCO', NULL, NULL),
(53075, NULL, 'JESSIE ANABELL', 'PARI NEYRA', NULL, NULL),
(53781, NULL, 'SANDRA', 'CCALLA VILLASANTE', NULL, NULL),
(54475, NULL, 'CARINA MILAGROS', 'SOLIS CANO', NULL, NULL),
(54522, NULL, 'EBER', 'LUQUE PAMPA', NULL, NULL),
(54523, NULL, 'ROGER JAIME', 'SUPO TIPULA', NULL, NULL),
(54543, NULL, 'WILBER EDGAR', 'MACHACA ZEVALLOS', NULL, NULL),
(54546, NULL, 'PAUL ARNALDO', 'CUTIPA BLAS', NULL, NULL),
(54549, NULL, 'RICHART SANTIAGO', 'PACORI QUISPE', NULL, NULL),
(54550, NULL, 'CAROLINA', 'CONDORI MARIN', NULL, NULL),
(54554, NULL, 'AMPARO KATIA', 'SUPO GALINDO', NULL, NULL),
(54555, NULL, 'CESAR', 'CESPEDES GOMEZ', NULL, NULL),
(54633, NULL, 'ROLANDO LAZARO', 'QUISPE GARCIA', NULL, NULL),
(54637, NULL, 'LUDWING HARLY', 'CAMPOS HUARACHI', NULL, NULL),
(54649, NULL, 'WILBER RUBEN', 'FLORES ACEITUNO', NULL, NULL),
(54777, NULL, 'KARINA', 'MAMANI LUQUE', NULL, NULL),
(54789, NULL, 'LESLY MELISSA', 'NOVA COAGUILA', NULL, NULL),
(54909, NULL, 'SARITA DEL MILAGRO', 'CORONADO CALSIN', NULL, NULL),
(54988, NULL, 'AYDEE', 'LIPA VILCA', NULL, NULL),
(55057, NULL, 'JORGE LUIS', 'PASTOR VALDIVIA', NULL, NULL),
(55419, NULL, 'FLORENCIO', 'LAURA APAZA', NULL, NULL),
(55510, NULL, 'ALBERTO', 'HUACO PINEDA', NULL, NULL),
(55609, NULL, 'MARUJA', 'MAQUERA CONDORI', NULL, NULL),
(55610, NULL, 'PAOLA DANNY NATIVIDAD', 'MAMANI POMA', NULL, NULL),
(55910, NULL, 'MARCO ANTONIO', 'SALMON RIVERA', NULL, NULL),
(56128, NULL, 'GERMAN FELIPE', 'CABRERA SOLLER', NULL, NULL),
(56474, NULL, 'YVAN MARCELL', 'ARIAS VASQUEZ', NULL, NULL),
(56611, NULL, 'ALEXANDER ADAN', 'HUAYHUA YUCRA', NULL, NULL),
(56613, NULL, 'KARIN MILUSKA', 'MELENDEZ CRUZ', NULL, NULL),
(56832, NULL, 'NEMIO GAUDENCIO', 'MAMANI JILARI', NULL, NULL),
(57088, NULL, 'EDMUNDO PEDRO', 'PACA PAREDES', NULL, NULL),
(57231, NULL, 'FRANCIS YOLANDA', 'MAMANI CARIAPAZA', NULL, NULL),
(57322, NULL, 'ANTONIO', 'VELAZCO REYES', NULL, NULL),
(57439, NULL, 'YONHY LIBORIO', 'MAQUE RIVAS', NULL, NULL),
(57480, NULL, 'YANETH FRANCY', 'ARCE PONCE', NULL, NULL),
(57481, NULL, 'EDYSON AMERICO', 'QUISPE MAMANI', NULL, NULL),
(57754, NULL, 'EDWIN', 'QUISPE ROCHA', NULL, NULL),
(57988, NULL, 'LUIS ANGEL', 'MAQUERA MORALES', NULL, NULL),
(58033, NULL, 'ELSA HERMINIA', 'MANTILLA CAHUANA', NULL, NULL),
(58507, NULL, 'REYNALDO FRANCISCO', 'CHAVEZ PEREZ', NULL, NULL),
(58710, NULL, 'GERARDO DANYLO', 'SANCHEZ BERNEDO', NULL, NULL),
(59050, NULL, 'LOURDES ANGHELA', 'FLORES CANAZA', NULL, NULL),
(59278, NULL, 'GABRIELA KATHERINE', 'BRAVO CUAYLA', NULL, NULL),
(59861, NULL, 'MARY LUZ', 'GONZA CORNEJO', NULL, NULL),
(59907, NULL, 'HOLGER MARIO', 'CAJMA MAMANI', NULL, NULL),
(62299, NULL, 'MARIA LUISA', 'PADILLA ARPITA', NULL, NULL),
(63170, NULL, 'VANESSA', 'MESTAS CANO', NULL, NULL),
(63321, NULL, 'MARITZA KAREN', 'QUISPE VELASQUEZ', NULL, NULL),
(63323, NULL, 'ALBERTO RENZO', 'URRUTIA HURTADO', NULL, NULL),
(63510, NULL, 'LISBETH GREGORIA', 'CENTENO TITO', NULL, NULL),
(63687, NULL, 'TANIA', 'QUISPE ACHAHUANCO', NULL, NULL),
(63958, NULL, 'ROSARIO', 'CARLOS VILLAN', NULL, NULL),
(64140, NULL, 'KAREN VANESSA', 'CASTRO MENDOZA', NULL, NULL),
(64178, NULL, 'MIGUEL ALCIDES', 'JIMENEZ ALIAGA', NULL, NULL),
(64179, NULL, 'GLENY CELESTE', 'MENDOZA COARI', NULL, NULL),
(64578, NULL, 'MERY YURICO', 'VALERA AÑAMURO', NULL, NULL),
(64707, NULL, 'JAING DANY', 'MAMANI PACHECO', NULL, NULL),
(64930, NULL, 'CIRO OVIEDO', 'MAMANI FLORES', NULL, NULL),
(64931, NULL, 'MARGOT', 'CHAMBI MAMANI', NULL, NULL),
(64951, NULL, 'DAYANA KENYLU', 'ANDIA ALOSILLA', NULL, NULL),
(65021, NULL, 'JORGE EDSON', 'LOPEZ VASQUEZ', NULL, NULL),
(65295, NULL, 'EDUARDO', 'LAZARTE FLORES', NULL, NULL),
(65651, NULL, 'NIELS JYEYSON', 'APAZA JALLO', NULL, NULL),
(66101, NULL, 'ALDO RAMIRO', 'GARCIA MAYTA', NULL, NULL),
(66176, NULL, 'ENRIQUE ADEMIR', 'CONDORI FLORES', NULL, NULL),
(66257, NULL, 'ABELARDO JORGE', 'QUISPE COPARI', NULL, NULL),
(66414, NULL, 'YOUL', 'RIVEROS SALAZAR', NULL, NULL),
(67118, NULL, 'WILFREDO CARLOS', 'RUELAS ROJAS', NULL, NULL),
(67738, NULL, 'BELINDA', 'RAMOS MORA DE MONCADA', NULL, NULL),
(67903, NULL, 'CARLOS ARTURO', 'ARIAS ARENAS', NULL, NULL),
(67904, NULL, 'MIGUEL ENRIQUE', 'BECERRA PINEDA', NULL, NULL),
(67905, NULL, 'ALFREDO', 'CUTIPA MAMANI', NULL, NULL),
(67906, NULL, 'DIANA KATHERIN', 'FARFAN NINANTAY', NULL, NULL),
(67984, NULL, 'ELOY VALERIO', 'TICONA RODRIGUEZ', NULL, NULL),
(68205, NULL, 'ALFREDO PABLO', 'TICONA HUMPIRI', NULL, NULL),
(68627, NULL, 'ELVER', 'RAMOS CCOPA', NULL, NULL),
(70538, NULL, 'JHON EDWIN', 'QUISPE PARI', NULL, NULL),
(70648, NULL, 'FELIPE ALBINO', 'NINA CALLA', NULL, NULL),
(71079, NULL, 'SAUL', 'CUTIPA CHAVEZ', NULL, NULL),
(71358, NULL, 'JORGE EDMUNDO', 'HERRERA MAMANI', NULL, NULL),
(71366, NULL, 'EDWIN', 'TITO CHATA', NULL, NULL),
(71370, NULL, 'HUGO', 'SOSA APAZA', NULL, NULL),
(72107, NULL, 'JULIO LORENZO', 'CHIPANA ARBOLEDA', NULL, NULL),
(72609, NULL, 'WILLY', 'LOPE DUEÑAS', NULL, NULL),
(72838, NULL, 'WILBER', 'PAREDES JAEN', NULL, NULL),
(73048, NULL, 'EDWARD CHRISTIAN', 'LANDA FRISANCHO', NULL, NULL),
(73066, NULL, 'GONZALO VICTOR', 'HUAMAN ROMERO', NULL, NULL),
(73453, NULL, 'YEFREY ALEX', 'ISIDRO GONZALES', NULL, NULL),
(73808, NULL, 'JIMMY YHAZMANI', 'PARI FERNANDEZ', NULL, NULL),
(74161, NULL, 'EDWIN ENRIQUE', 'SALAS MEMBRILLO', NULL, NULL),
(75101, NULL, 'INDIRA', 'CACERES QUISPE', NULL, NULL),
(75102, NULL, 'EDUARDO ALEXANDER', 'GONZALEZ ITO', NULL, NULL),
(75104, NULL, 'SHIRLEY IVONNE', 'HUANCA QUISPE', NULL, NULL),
(75106, NULL, 'MILUSKA JUANA', 'YANQUE ACO', NULL, NULL),
(75107, NULL, 'ROXANA', 'CUTIPA CCUNO', NULL, NULL),
(75114, NULL, 'NESTOR HENRY', 'TICONA DE LA PEÑA', NULL, NULL),
(75115, NULL, 'MARCO ANTONIO', 'ARESTEGUI CAHUA', NULL, NULL),
(75117, NULL, 'FANNY ESTHER', 'JALLURANA ARACAYO', NULL, NULL),
(75118, NULL, 'JAKELINE CARMEN', 'TAPIA PERALTA', NULL, NULL),
(75121, NULL, 'PAOLA KARIN', 'ZIRENA ASENCIO', NULL, NULL),
(75144, NULL, 'MATEO', 'QUISPE MENDIVIL', NULL, NULL),
(75212, NULL, 'HENRY', 'VELASQUEZ ENRIQUEZ', NULL, NULL),
(75213, NULL, 'ALEJANDRO ANTONIO', 'SUBIA ZAIRA', NULL, NULL),
(75216, NULL, 'WILDER EDISON', 'CASAPIA GUISBERTH', NULL, NULL),
(75217, NULL, 'GINA MARCELA', 'ARCANA GUERRA', NULL, NULL),
(75220, NULL, 'GUSMAN JUAN', 'ROMAN LERMA', NULL, NULL),
(75222, NULL, 'JUSTA', 'SERRUTO CAHUANA', NULL, NULL),
(75224, NULL, 'CECILIA ESTHER', 'CASTAÑEDA GONZALES', NULL, NULL),
(75226, NULL, 'SHIRLAY BAZILKA', 'FLORES MENENDEZ', NULL, NULL),
(75233, NULL, 'LUIS ALBERTO', 'CALCINA MAMANI', NULL, NULL),
(75235, NULL, 'CARLOS PAUL', 'CASTILLO MUÑOZ', NULL, NULL),
(75237, NULL, 'JHONI SHANG', 'CASTILLA COLQUEHUANCA', NULL, NULL),
(75238, NULL, 'JOVANA', 'CERPA ZAMATA', NULL, NULL),
(75241, NULL, 'FREDDY CESAR', 'CHOQUE PARRA', NULL, NULL),
(75242, NULL, 'WILDO', 'SUCASAIRE MONROY', NULL, NULL),
(75243, NULL, 'SERGIO GEOVANNY', 'RAMIREZ TISNADO', NULL, NULL),
(75245, NULL, 'CHRISTIAN ROBERTO', 'DENEGRI MENDOZA', NULL, NULL),
(75249, NULL, 'JAVIER ARTURO', 'MACHACA CASTRO', NULL, NULL),
(75251, NULL, 'WASHINGTON', 'GUERRA QUISPE', NULL, NULL),
(75252, NULL, 'ALAN', 'PARI MANCHA', NULL, NULL),
(75253, NULL, 'FREDY GABRIEL', 'SALAZAR YANA', NULL, NULL),
(75254, NULL, 'MILTON JAMES', 'HUACASI COILA', NULL, NULL),
(75255, NULL, 'JUAN ROSSEMBERG', 'MAMANI PROVINCIA', NULL, NULL),
(75256, NULL, 'YULIANA KARINA', 'COAQUIRA CUSI', NULL, NULL),
(75257, NULL, 'HECTOR', 'CONDORI DELGADO', NULL, NULL),
(75260, NULL, 'NESTOR RAUL ADOLFO', 'VIAMONTE ALIAGA', NULL, NULL),
(75383, NULL, 'ARIUM', 'ROMERO CACHICATARI', NULL, NULL),
(75415, NULL, 'INGRID', 'CASTRO FERNANDEZ', NULL, NULL),
(75471, NULL, 'PERCY GUALBERTO', 'CANAZA CHAIÑA', NULL, NULL),
(75472, NULL, 'JOHNY OLIVER', 'ORDOÑEZ NINA', NULL, NULL),
(75474, NULL, 'MARLENY', 'ADCO CHURA', NULL, NULL),
(75601, NULL, 'JESUS FRANK', 'CASTRO YUCRA', NULL, NULL),
(75646, NULL, 'AMPARO EULALIA', 'RUIZ TITO', NULL, NULL),
(76083, NULL, 'DAYVIS ROBERTO', 'MAMANI MONZON', NULL, NULL),
(76297, NULL, 'YELYBEL NADIA', 'ARACA ASTORGA', NULL, NULL),
(76939, NULL, 'KEPLER', 'CAPRA HUANCA', NULL, NULL),
(76942, NULL, 'PAUL CESAR', 'IDME UMPIRI', NULL, NULL),
(76943, NULL, 'TANIA EDITH', 'LUQUE CUTIPA', NULL, NULL),
(76944, NULL, 'FERNANDO DAVID', 'MAMANI CHOQUEHUANCA', NULL, NULL),
(77687, NULL, 'LUCILA', 'CHURACUTIPA MAMANI', NULL, NULL),
(77688, NULL, 'ADEMY ELESLY', 'ESTOFANERO QUISPE', NULL, NULL),
(77691, NULL, 'SONIA', 'YUCRA RAMOS', NULL, NULL),
(77815, NULL, 'JESUS', 'CRUZ CAPACOILA', NULL, NULL),
(77817, NULL, 'CECILIA MAGALI', 'INGALUQUE ARAPA', NULL, NULL),
(78455, NULL, 'YESELYN ROSA', 'COLLANTES LUQUE', NULL, NULL),
(78762, NULL, 'MARCO ANTONIO', 'ANCCO CALSIN', NULL, NULL),
(78764, NULL, 'FREDY WILBER', 'GAUNA LARICO', NULL, NULL),
(79102, NULL, 'JULIA LIZETH', 'GOMEZ QUISPE', NULL, NULL),
(79105, NULL, 'SIMON NESTOR', 'LIMA QUISPE', NULL, NULL),
(79110, NULL, 'LILIAN KARINA', 'CONDORI CANCHARI', NULL, NULL),
(79557, NULL, 'ELIZABETH CINTHIA', 'BERRIOS AGUILAR', NULL, NULL),
(83411, NULL, 'MELCHOR GASPAR', 'COAGUILA SALAZAR', NULL, NULL),
(90133, NULL, 'JACQUELINE', 'MAMANI QUISPE', NULL, NULL),
(90330, NULL, 'PAMELA YHOSELY', 'CALISAYA YAPUCHURA', NULL, NULL),
(90394, NULL, 'VICTOR EDUARDO', 'LAZO ZANABRIA', NULL, NULL),
(90630, NULL, 'MILTHON', 'TORRES URQUIDI', NULL, NULL),
(90637, NULL, 'LUIS COSME', 'COAQUIRA QUISPE', NULL, NULL),
(90638, NULL, 'NADIA', 'CUENTAS ARENAS', NULL, NULL),
(90641, NULL, 'MARISOL VIOLETA', 'SUPO RAMOS', NULL, NULL),
(91194, NULL, 'ARTURO ALBERTH', 'ZECENARRO CALDERON', NULL, NULL),
(91195, NULL, 'CATIA SILVIA', 'VILLANUEVA APAZA', NULL, NULL),
(91196, NULL, 'CATHLIN ISABEL', 'SALAS RIVERA', NULL, NULL),
(91198, NULL, 'WILLY ROSSEL', 'AQUINO APAZA', NULL, NULL),
(91391, NULL, 'JHON JEFERSSON', 'YLAQUITA LOPEZ', NULL, NULL),
(91561, NULL, 'YANET BEATRIZ', 'HANCCO VASQUEZ', NULL, NULL),
(91728, NULL, 'JOEL JHONY', 'MAMANI VILCA', NULL, NULL),
(91730, NULL, 'KATHERINE LAMAGNA', 'QUISPE AGUILAR', NULL, NULL),
(92353, NULL, 'ROBINSON MAX', 'HUANCA VALENCIA', NULL, NULL),
(92559, NULL, 'KARINA', 'ORTEGA DIAZ', NULL, NULL),
(92564, NULL, 'PATTY MARIELA', 'ZAPANA MAYTA', NULL, NULL),
(92985, NULL, 'ELDA', 'LOZA GUERRA', NULL, NULL),
(93009, NULL, 'SAUL', 'CHURATA MOLLEHUANCA', NULL, NULL),
(93010, NULL, 'ELMER', 'CHAVEZ LAQUISE', NULL, NULL),
(93012, NULL, 'ALFREDO', 'PAREDES QUISPE', NULL, NULL),
(93144, NULL, 'WELINTONG', 'TORRES CASAS', NULL, NULL),
(93145, NULL, 'JOSE', 'VELASQUEZ MIRANDA', NULL, NULL),
(93147, NULL, 'YUDITH MELANIA', 'MACHACA MAMANI', NULL, NULL),
(93323, NULL, 'MARITHZA LUCERO', 'TALAVERA HERRERA', NULL, NULL),
(93324, NULL, 'MASSIEL MALENA', 'MEZA RODRIGUEZ', NULL, NULL),
(93443, NULL, 'PILAR GABRIELA', 'ESTEBA VELASQUEZ', NULL, NULL),
(93444, NULL, 'HEYDY KATHERINE', 'ARPI VILCA', NULL, NULL),
(93445, NULL, 'ELIZABETH JUSTINA', 'TOLEDO QUISPE', NULL, NULL),
(93455, NULL, 'DIANA  CAROLINA', 'BENAVIDES AÑAMURO', NULL, NULL),
(93668, NULL, 'MELIBEA', 'MERCADO COTACALLAPA', NULL, NULL),
(93669, NULL, 'NANCY', 'AGUILAR AGUILAR', NULL, NULL),
(93670, NULL, 'NAYDU LUISA', 'GRAU QUISPE', NULL, NULL),
(93891, NULL, 'MARIA HORTENCIA', 'TUPAYACHI MUÑIZ', NULL, NULL),
(93892, NULL, 'MILAGROS YESENIA', 'PACHECO VIZCARRA', NULL, NULL),
(94227, NULL, 'ELIZABET', 'MAQUERA ATENCIO', NULL, NULL),
(94261, NULL, 'MALDONEDO', 'PARI HUALLPA', NULL, NULL),
(94440, NULL, 'NOEMI', 'SAGASTEGUI VERA', NULL, NULL),
(94441, NULL, 'EDITH ROCIO', 'LUZA JUSTO', NULL, NULL),
(94486, NULL, 'CHRISTIAN IVAN', 'PEREZ MENDIZABAL', NULL, NULL),
(94720, NULL, 'OMAR LUIS', 'WALCONA LLANO', NULL, NULL),
(94721, NULL, 'ALEX', 'CONDORI HAQQUEHUA', NULL, NULL),
(94722, NULL, 'HEBER EDISON', 'HUMPIRI PARI', NULL, NULL),
(94723, NULL, 'EDITH ROXANA', 'ALAVE CHARA', NULL, NULL),
(94738, NULL, 'FELIPE ARMANDO', 'MARTINEZ LUZA', NULL, NULL),
(94915, NULL, 'MARITZA', 'FLORES HUANACUNI', NULL, NULL),
(123456, NULL, 'BRESCIA  BRENDA', 'MIRANDA MARAZA', NULL, NULL),
(123457, NULL, 'ALAN  VICTOR', 'VELARDE FERNANDEZ', NULL, NULL);

-- --------------------------------------------------------

--
-- Estructura de tabla para la tabla `country`
--

CREATE TABLE `country` (
  `id` int(10) UNSIGNED NOT NULL,
  `country_code` varchar(3) COLLATE utf8mb4_unicode_ci NOT NULL,
  `name` varchar(60) COLLATE utf8mb4_unicode_ci NOT NULL,
  `created_at` timestamp NULL DEFAULT NULL,
  `updated_at` timestamp NULL DEFAULT NULL,
  `deleted_at` timestamp NULL DEFAULT NULL
) ENGINE=MyISAM DEFAULT CHARSET=utf8mb4 COLLATE=utf8mb4_unicode_ci;

--
-- Volcado de datos para la tabla `country`
--

INSERT INTO `country` (`id`, `country_code`, `name`, `created_at`, `updated_at`, `deleted_at`) VALUES
(1, '1', 'Puno', '2017-11-16 03:55:11', '2017-11-16 03:55:11', NULL),
(2, '2', 'Juliaca', '2017-11-16 03:55:18', '2017-11-16 03:55:18', NULL);

-- --------------------------------------------------------

--
-- Estructura de tabla para la tabla `department`
--

CREATE TABLE `department` (
  `id` int(10) UNSIGNED NOT NULL,
  `name` varchar(60) COLLATE utf8mb4_unicode_ci NOT NULL,
  `created_at` timestamp NULL DEFAULT NULL,
  `updated_at` timestamp NULL DEFAULT NULL,
  `deleted_at` timestamp NULL DEFAULT NULL
) ENGINE=MyISAM DEFAULT CHARSET=utf8mb4 COLLATE=utf8mb4_unicode_ci;

--
-- Volcado de datos para la tabla `department`
--

INSERT INTO `department` (`id`, `name`, `created_at`, `updated_at`, `deleted_at`) VALUES
(1, 'Presidencia', '2017-11-16 03:56:49', '2017-11-16 03:56:53', NULL),
(2, 'juz civil', '2017-11-19 07:25:20', '2017-11-19 07:25:20', NULL),
(3, 'juz penal', '2017-11-19 07:25:26', '2017-11-19 07:25:26', NULL),
(4, 'juz paz letrado', '2017-11-19 07:25:32', '2017-11-19 07:25:32', NULL);

-- --------------------------------------------------------

--
-- Estructura de tabla para la tabla `division`
--

CREATE TABLE `division` (
  `id` int(10) UNSIGNED NOT NULL,
  `name` varchar(60) COLLATE utf8mb4_unicode_ci NOT NULL,
  `created_at` timestamp NULL DEFAULT NULL,
  `updated_at` timestamp NULL DEFAULT NULL,
  `deleted_at` timestamp NULL DEFAULT NULL
) ENGINE=MyISAM DEFAULT CHARSET=utf8mb4 COLLATE=utf8mb4_unicode_ci;

--
-- Volcado de datos para la tabla `division`
--

INSERT INTO `division` (`id`, `name`, `created_at`, `updated_at`, `deleted_at`) VALUES
(1, 'Presidencia', '2017-11-16 03:56:27', '2017-11-16 03:56:27', NULL),
(2, 'Gerencia', '2017-11-16 03:56:35', '2017-11-16 03:56:35', NULL);

-- --------------------------------------------------------

--
-- Estructura de tabla para la tabla `employees`
--

CREATE TABLE `employees` (
  `id` int(10) UNSIGNED NOT NULL,
  `lastname` varchar(60) COLLATE utf8mb4_unicode_ci NOT NULL,
  `firstname` varchar(60) COLLATE utf8mb4_unicode_ci NOT NULL,
  `middlename` varchar(60) COLLATE utf8mb4_unicode_ci NOT NULL,
  `address` varchar(120) COLLATE utf8mb4_unicode_ci NOT NULL,
  `city_id` int(11) NOT NULL,
  `state_id` int(11) NOT NULL,
  `country_id` int(11) NOT NULL,
  `zip` char(10) COLLATE utf8mb4_unicode_ci NOT NULL,
  `age` int(11) NOT NULL,
  `birthdate` date NOT NULL,
  `date_hired` date NOT NULL,
  `department_id` int(11) NOT NULL,
  `division_id` int(11) NOT NULL,
  `company_id` int(11) NOT NULL,
  `picture` varchar(60) COLLATE utf8mb4_unicode_ci NOT NULL,
  `created_at` timestamp NULL DEFAULT NULL,
  `updated_at` timestamp NULL DEFAULT NULL,
  `deleted_at` timestamp NULL DEFAULT NULL
) ENGINE=MyISAM DEFAULT CHARSET=utf8mb4 COLLATE=utf8mb4_unicode_ci;

--
-- Volcado de datos para la tabla `employees`
--

INSERT INTO `employees` (`id`, `lastname`, `firstname`, `middlename`, `address`, `city_id`, `state_id`, `country_id`, `zip`, `age`, `birthdate`, `date_hired`, `department_id`, `division_id`, `company_id`, `picture`, `created_at`, `updated_at`, `deleted_at`) VALUES
(1, 'Perez', 'Juan', 'Flores', 'Direccion', 1, 1, 1, '01', 33, '1979-09-24', '2017-11-01', 1, 2, 0, 'avatars/8eePqAa3PMEeVmnQZI90nr0dw0O175KhGPqpSBLY.jpeg', '2017-11-16 03:57:57', '2017-11-16 03:57:57', NULL);

-- --------------------------------------------------------

--
-- Estructura de tabla para la tabla `employee_salary`
--

CREATE TABLE `employee_salary` (
  `id` int(10) UNSIGNED NOT NULL,
  `employee_id` int(11) NOT NULL,
  `salary` decimal(16,2) NOT NULL,
  `created_at` timestamp NULL DEFAULT NULL,
  `updated_at` timestamp NULL DEFAULT NULL,
  `deleted_at` timestamp NULL DEFAULT NULL
) ENGINE=MyISAM DEFAULT CHARSET=utf8mb4 COLLATE=utf8mb4_unicode_ci;

-- --------------------------------------------------------

--
-- Estructura de tabla para la tabla `migrations`
--

CREATE TABLE `migrations` (
  `id` int(10) UNSIGNED NOT NULL,
  `migration` varchar(191) COLLATE utf8mb4_unicode_ci NOT NULL,
  `batch` int(11) NOT NULL
) ENGINE=MyISAM DEFAULT CHARSET=utf8mb4 COLLATE=utf8mb4_unicode_ci;

--
-- Volcado de datos para la tabla `migrations`
--

INSERT INTO `migrations` (`id`, `migration`, `batch`) VALUES
(9, '2014_10_12_000000_create_users_table', 1),
(10, '2017_03_17_163141_create_employees_table', 1),
(11, '2017_03_18_001905_create_employee_salary_table', 1),
(12, '2017_03_18_003431_create_department_table', 1),
(13, '2017_03_18_004142_create_division_table', 1),
(14, '2017_03_18_004326_create_country_table', 1),
(15, '2017_03_18_005005_create_state_table', 1),
(16, '2017_03_18_005241_create_city_table', 1),
(1, '2016_08_07_145904_add_table_cms_apicustom', 1),
(2, '2016_08_07_150834_add_table_cms_dashboard', 1),
(3, '2016_08_07_151210_add_table_cms_logs', 1),
(4, '2016_08_07_151211_add_details_cms_logs', 1),
(5, '2016_08_07_152014_add_table_cms_privileges', 1),
(6, '2016_08_07_152214_add_table_cms_privileges_roles', 1),
(7, '2016_08_07_152320_add_table_cms_settings', 1),
(8, '2016_08_07_152421_add_table_cms_users', 1);

-- --------------------------------------------------------

--
-- Estructura de tabla para la tabla `state`
--

CREATE TABLE `state` (
  `id` int(10) UNSIGNED NOT NULL,
  `country_id` int(11) NOT NULL,
  `name` varchar(60) COLLATE utf8mb4_unicode_ci NOT NULL,
  `created_at` timestamp NULL DEFAULT NULL,
  `updated_at` timestamp NULL DEFAULT NULL,
  `deleted_at` timestamp NULL DEFAULT NULL
) ENGINE=MyISAM DEFAULT CHARSET=utf8mb4 COLLATE=utf8mb4_unicode_ci;

--
-- Volcado de datos para la tabla `state`
--

INSERT INTO `state` (`id`, `country_id`, `name`, `created_at`, `updated_at`, `deleted_at`) VALUES
(1, 1, 'Puno', '2017-11-16 03:55:34', '2017-11-16 03:55:34', NULL),
(2, 2, 'Juliaca', '2017-11-16 03:55:45', '2017-11-16 03:55:45', NULL);

-- --------------------------------------------------------

--
-- Estructura de tabla para la tabla `users`
--

CREATE TABLE `users` (
  `id` int(10) UNSIGNED NOT NULL,
  `username` varchar(191) COLLATE utf8mb4_unicode_ci NOT NULL,
  `email` varchar(191) COLLATE utf8mb4_unicode_ci NOT NULL,
  `password` varchar(191) COLLATE utf8mb4_unicode_ci NOT NULL,
  `lastname` varchar(191) COLLATE utf8mb4_unicode_ci NOT NULL,
  `firstname` varchar(191) COLLATE utf8mb4_unicode_ci NOT NULL,
  `remember_token` varchar(100) COLLATE utf8mb4_unicode_ci DEFAULT NULL,
  `deleted_at` timestamp NULL DEFAULT NULL,
  `created_at` timestamp NULL DEFAULT NULL,
  `updated_at` timestamp NULL DEFAULT NULL
) ENGINE=MyISAM DEFAULT CHARSET=utf8mb4 COLLATE=utf8mb4_unicode_ci;

--
-- Volcado de datos para la tabla `users`
--

INSERT INTO `users` (`id`, `username`, `email`, `password`, `lastname`, `firstname`, `remember_token`, `deleted_at`, `created_at`, `updated_at`) VALUES
(1, 'admin', 'admin@gmail.com', '$2y$10$V4T0lubS6Vy2afUS3zMPkOOBWfMlN03.KEoi/JwRzBu.KO/m2CtWa', 'Mr', 'admin', 'nhq9TxnDsG', NULL, '2017-03-25 18:43:48', '2017-03-25 18:43:48');

--
-- Índices para tablas volcadas
--

--
-- Indices de la tabla `city`
--
ALTER TABLE `city`
  ADD PRIMARY KEY (`id`),
  ADD KEY `city_state_id_foreign` (`state_id`);

--
-- Indices de la tabla `country`
--
ALTER TABLE `country`
  ADD PRIMARY KEY (`id`);

--
-- Indices de la tabla `department`
--
ALTER TABLE `department`
  ADD PRIMARY KEY (`id`);

--
-- Indices de la tabla `division`
--
ALTER TABLE `division`
  ADD PRIMARY KEY (`id`);

--
-- Indices de la tabla `employees`
--
ALTER TABLE `employees`
  ADD PRIMARY KEY (`id`),
  ADD KEY `employees_city_id_foreign` (`city_id`),
  ADD KEY `employees_state_id_foreign` (`state_id`),
  ADD KEY `employees_country_id_foreign` (`country_id`),
  ADD KEY `employees_department_id_foreign` (`department_id`),
  ADD KEY `employees_division_id_foreign` (`division_id`),
  ADD KEY `employees_company_id_foreign` (`company_id`);

--
-- Indices de la tabla `employee_salary`
--
ALTER TABLE `employee_salary`
  ADD PRIMARY KEY (`id`),
  ADD KEY `employee_salary_employee_id_foreign` (`employee_id`);

--
-- Indices de la tabla `migrations`
--
ALTER TABLE `migrations`
  ADD PRIMARY KEY (`id`);

--
-- Indices de la tabla `state`
--
ALTER TABLE `state`
  ADD PRIMARY KEY (`id`),
  ADD KEY `state_country_id_foreign` (`country_id`);

--
-- Indices de la tabla `users`
--
ALTER TABLE `users`
  ADD PRIMARY KEY (`id`),
  ADD UNIQUE KEY `users_email_unique` (`email`);

--
-- AUTO_INCREMENT de las tablas volcadas
--

--
-- AUTO_INCREMENT de la tabla `city`
--
ALTER TABLE `city`
  MODIFY `id` int(10) UNSIGNED NOT NULL AUTO_INCREMENT, AUTO_INCREMENT=2;

--
-- AUTO_INCREMENT de la tabla `country`
--
ALTER TABLE `country`
  MODIFY `id` int(10) UNSIGNED NOT NULL AUTO_INCREMENT, AUTO_INCREMENT=3;

--
-- AUTO_INCREMENT de la tabla `department`
--
ALTER TABLE `department`
  MODIFY `id` int(10) UNSIGNED NOT NULL AUTO_INCREMENT, AUTO_INCREMENT=5;

--
-- AUTO_INCREMENT de la tabla `division`
--
ALTER TABLE `division`
  MODIFY `id` int(10) UNSIGNED NOT NULL AUTO_INCREMENT, AUTO_INCREMENT=3;

--
-- AUTO_INCREMENT de la tabla `employees`
--
ALTER TABLE `employees`
  MODIFY `id` int(10) UNSIGNED NOT NULL AUTO_INCREMENT, AUTO_INCREMENT=2;

--
-- AUTO_INCREMENT de la tabla `employee_salary`
--
ALTER TABLE `employee_salary`
  MODIFY `id` int(10) UNSIGNED NOT NULL AUTO_INCREMENT;

--
-- AUTO_INCREMENT de la tabla `migrations`
--
ALTER TABLE `migrations`
  MODIFY `id` int(10) UNSIGNED NOT NULL AUTO_INCREMENT, AUTO_INCREMENT=17;

--
-- AUTO_INCREMENT de la tabla `state`
--
ALTER TABLE `state`
  MODIFY `id` int(10) UNSIGNED NOT NULL AUTO_INCREMENT, AUTO_INCREMENT=3;

--
-- AUTO_INCREMENT de la tabla `users`
--
ALTER TABLE `users`
  MODIFY `id` int(10) UNSIGNED NOT NULL AUTO_INCREMENT, AUTO_INCREMENT=2;
COMMIT;

/*!40101 SET CHARACTER_SET_CLIENT=@OLD_CHARACTER_SET_CLIENT */;
/*!40101 SET CHARACTER_SET_RESULTS=@OLD_CHARACTER_SET_RESULTS */;
/*!40101 SET COLLATION_CONNECTION=@OLD_COLLATION_CONNECTION */;
